Description,Pre-Tax Amount,Tax Amount,Discount Amount,Name,Total Amount,Date,revenue_category,membership_size,membership_freq,is_founder,is_free_membership,date_,Data Source
Regular,18.849999999999998,1.55,2.1,Gnarly Dood Tetons Chalk Bag,20.4,2024-10-10,Retail,,,False,False,2024-10-10 00:56:08+00:00,Square
Regular,8.059999999999999,0.67,0.89,Midnight Lightning Chalktopus,8.73,2024-10-10,Retail,,,False,False,2024-10-10 00:56:08+00:00,Square
Regular,21.59,1.78,2.4,rungne Magdust,23.37,2024-10-10,Retail,,,False,False,2024-10-10 00:56:08+00:00,Square
Regular,21.59,1.78,2.4,rungne Magdust,23.37,2024-10-10,Retail,,,False,False,2024-10-10 00:54:31+00:00,Square
Regular,21.59,1.78,2.4,rungne Magdust,23.37,2024-10-10,Retail,,,False,False,2024-10-10 00:53:06+00:00,Square
Regular,1.8,0.15,0.2,Ozarka Water Bottle 16.9oz,1.95,2024-10-09,Retail,,,False,False,2024-10-09 23:05:46+00:00,Square
Regular,1.6700000000000002,0.14,0.72,Honey Stinger Organic Salted Caramel Flavored Waffle,1.81,2024-10-09,Retail,,,False,False,2024-10-09 22:51:21+00:00,Square
Regular,1.6,0.46,2.4,Sticker - Basin Sunset Oval,6.06,2024-10-09,Retail,,,False,False,2024-10-09 22:51:21+00:00,Square
Regular,2.27,0.19,0.98,Red Bull Energy Drink 8.4 oz,2.46,2024-10-09,Retail,,,False,False,2024-10-09 22:49:07+00:00,Square
Regular,2.27,0.19,0.98,Red Bull Energy Drink 8.4 oz,2.46,2024-10-09,Retail,,,False,False,2024-10-09 16:49:18+00:00,Square
Regular,2.27,0.19,0.98,Fairlife Protein Shake Chocolate 11.5fl oz,2.46,2024-10-09,Retail,,,False,False,2024-10-09 15:24:59+00:00,Square
Regular,2.93,0.24,0.32,Red Bull Energy Drink 8.4 oz,3.17,2024-10-09,Retail,,,False,False,2024-10-09 10:17:27+00:00,Square
Orange,2.5,0.21,0.0,Gatorade Thirst Quencher Sports Drink 20oz,2.71,2024-10-09,Retail,,,False,False,2024-10-09 00:28:49+00:00,Square
Regular,1.6700000000000002,0.14,0.72,Honey Stinger Organic Salted Caramel Flavored Waffle,1.81,2024-10-09,Retail,,,False,False,2024-10-09 00:14:36+00:00,Square
Regular,2.2800000000000002,0.19,0.97,Red Bull Energy Drink 8.4 oz,2.47,2024-10-09,Retail,,,False,False,2024-10-09 00:14:36+00:00,Square
CAPITAN: Day Pass with Gear (Adult 14 and Up),26.0,4.29,0.0,CAPITAN: Day Pass with Gear (Adult 14 and Up),56.29,2024-10-08,Day Pass,,,False,False,2024-10-08 23:30:19+00:00,Square
CAPITAN: Youth Day Pass with Gear (Under 14 y/o),20.0,3.3,0.0,CAPITAN: Youth Day Pass with Gear (Under 14 y/o),43.3,2024-10-08,Day Pass,,,False,False,2024-10-08 23:30:19+00:00,Square
2.5 oz,9.99,0.82,0.0,Friction Labs Unicorn Dust,10.81,2024-10-08,Retail,,,False,False,2024-10-08 23:09:42+00:00,Square
Fruit Punch,2.25,0.19,0.25,Gatorade Thirst Quencher Sports Drink 20oz,2.44,2024-10-08,Retail,,,False,False,2024-10-08 01:06:41+00:00,Square
(1.2 oz)54,1.75,0.14,0.0,CLIF Kid Zbar - Organic Energy Bar - Chocolate Brownie,1.89,2024-10-08,Retail,,,False,False,2024-10-08 00:52:40+00:00,Square
Regular,2.0,0.16,0.0,Ozarka Water Bottle 16.9oz,2.16,2024-10-08,Retail,,,False,False,2024-10-08 00:09:55+00:00,Square
CAPITAN: Non-Participant/Spectator Day Pass,5.0,0.41,0.0,CAPITAN: Non-Participant/Spectator Day Pass,5.41,2024-10-08,Day Pass,,,False,False,2024-10-08 00:08:48+00:00,Square
CAPITAN: Youth Day Pass with Gear (Under 14 y/o),20.0,1.66,0.0,CAPITAN: Youth Day Pass with Gear (Under 14 y/o),21.66,2024-10-08,Day Pass,,,False,False,2024-10-08 00:08:48+00:00,Square
Chocolate Chip,1.75,0.14,0.0,CLIF Z Bar Chocolate Chip,1.89,2024-10-08,Retail,,,False,False,2024-10-08 00:08:48+00:00,Square
CAPITAN: Day Pass with Gear (Adult 14 and Up),26.0,4.29,0.0,CAPITAN: Day Pass with Gear (Adult 14 and Up),56.29,2024-10-07,Day Pass,,,False,False,2024-10-07 23:14:23+00:00,Square
Regular,1.8,0.15,0.2,Ozarka Water Bottle 16.9oz,1.95,2024-10-07,Retail,,,False,False,2024-10-07 23:10:03+00:00,Square
Regular,1.6700000000000002,0.14,0.72,Honey Stinger Organic Salted Caramel Flavored Waffle,1.81,2024-10-07,Retail,,,False,False,2024-10-07 23:00:06+00:00,Square
Regular,2.2800000000000002,0.19,0.97,Red Bull Energy Drink 8.4 oz,2.47,2024-10-07,Retail,,,False,False,2024-10-07 23:00:06+00:00,Square
Lemon + Lime,1.62,0.13,0.18,Skratch Labs Sport Hydration Drink Mix,1.75,2024-10-07,Retail,,,False,False,2024-10-07 22:58:21+00:00,Square
1.3 Oz,1.2,0.22,0.3,Bobos Oat Bars Apple Pie Oat Bites,2.92,2024-10-07,Retail,,,False,False,2024-10-07 22:33:29+00:00,Square
Lemon Lime,2.5,0.21,0.0,Gatorade Thirst Quencher Sports Drink 20oz,2.71,2024-10-07,Retail,,,False,False,2024-10-07 20:56:50+00:00,Square
3 Pack,49.95,4.12,0.0,GripSaver Plus 3 pack,54.07,2024-10-07,Retail,,,False,False,2024-10-07 20:56:50+00:00,Square
10.5,117.95,9.73,0.0,UNPARALLEL UP-MOCC,127.68,2024-10-07,Retail,,,False,False,2024-10-07 20:56:50+00:00,Square
CAPITAN: Non-Participant/Spectator Day Pass,5.0,0.41,0.0,CAPITAN: Non-Participant/Spectator Day Pass,5.41,2024-10-07,Day Pass,,,False,False,2024-10-07 20:20:06+00:00,Square
CAPITAN: Youth Day Pass with Gear (Under 14 y/o),20.0,1.65,0.0,CAPITAN: Youth Day Pass with Gear (Under 14 y/o),21.65,2024-10-07,Day Pass,,,False,False,2024-10-07 20:20:06+00:00,Square
Chunky Blend Chalk - 1.5oz,4.21,0.35,0.74,Midnight Lightning Chunky Blend Chalk,4.56,2024-10-07,Retail,,,False,False,2024-10-07 20:02:37+00:00,Square
Regular,8.95,0.74,0.0,Midnight Lightning Chalktopus,9.69,2024-10-07,Retail,,,False,False,2024-10-07 19:32:59+00:00,Square
Regular,8.49,0.7,0.0,Primo Odor Orb,9.19,2024-10-07,Retail,,,False,False,2024-10-07 19:32:59+00:00,Square
Regular,2.27,0.19,0.98,Red Bull Energy Drink 8.4 oz,2.46,2024-10-07,Retail,,,False,False,2024-10-07 15:25:05+00:00,Square
Regular,16.79,1.39,7.2,rungne Magdust,18.18,2024-10-06,Retail,,,False,False,2024-10-06 23:07:00+00:00,Square
Regular,21.59,1.78,2.4,rungne Magdust,23.37,2024-10-06,Retail,,,False,False,2024-10-06 21:28:53+00:00,Square
Bruno,32.9,2.72,0.0,8bplus Character Chalk Bag,35.62,2024-10-06,Retail,,,False,False,2024-10-06 21:17:45+00:00,Square
Laurel,32.9,2.71,0.0,8bplus Character Chalk Bag,35.61,2024-10-06,Retail,,,False,False,2024-10-06 21:17:45+00:00,Square
CAPITAN: Day Pass with Gear (Adult 14 and Up),26.0,2.15,0.0,CAPITAN: Day Pass with Gear (Adult 14 and Up),28.15,2024-10-06,Day Pass,,,False,False,2024-10-06 21:00:40+00:00,Square
CAPITAN: Non-Participant/Spectator Day Pass,5.0,0.82,0.0,CAPITAN: Non-Participant/Spectator Day Pass,10.82,2024-10-06,Day Pass,,,False,False,2024-10-06 21:00:40+00:00,Square
CAPITAN: Youth Day Pass with Gear (Under 14 y/o),20.0,1.65,0.0,CAPITAN: Youth Day Pass with Gear (Under 14 y/o),21.65,2024-10-06,Day Pass,,,False,False,2024-10-06 21:00:40+00:00,Square
One Size,8.95,0.74,0.0,Metolius Climbing Tape Roll White,9.69,2024-10-06,Retail,,,False,False,2024-10-06 20:42:13+00:00,Square
L (gray),71.95,5.94,8.0,Petzl Sama Climbing Harness,77.89,2024-10-06,Retail,,,False,False,2024-10-06 20:24:15+00:00,Square
Regular,23.99,1.98,0.0,rungne Magdust,25.97,2024-10-06,Retail,,,False,False,2024-10-06 20:17:55+00:00,Square
Regular,2.75,0.23,0.0,Vita Coco Coconut Water 11.1oz,2.98,2024-10-06,Retail,,,False,False,2024-10-06 19:57:31+00:00,Square
CAPITAN: Day Pass with Gear (Adult 14 and Up),26.0,2.15,0.0,CAPITAN: Day Pass with Gear (Adult 14 and Up),28.15,2024-10-06,Day Pass,,,False,False,2024-10-06 19:54:45+00:00,Square
CAPITAN: Youth Day Pass with Gear (Under 14 y/o),20.0,1.65,0.0,CAPITAN: Youth Day Pass with Gear (Under 14 y/o),21.65,2024-10-06,Day Pass,,,False,False,2024-10-06 19:54:45+00:00,Square
Regular,2.0,0.16,0.0,Ozarka Water Bottle 16.9oz,2.16,2024-10-06,Retail,,,False,False,2024-10-06 19:53:15+00:00,Square
Fruit Punch,2.5,0.21,0.0,Gatorade Thirst Quencher Sports Drink 20oz,2.71,2024-10-06,Retail,,,False,False,2024-10-06 19:43:03+00:00,Square
CAPITAN: Day Pass with Gear (Adult 14 and Up),26.0,2.14,0.0,CAPITAN: Day Pass with Gear (Adult 14 and Up),28.14,2024-10-06,Day Pass,,,False,False,2024-10-06 19:41:16+00:00,Square
CAPITAN: Day Pass (Adult 14 and Up),20.0,3.3,0.0,CAPITAN: Day Pass (Adult 14 and Up),43.3,2024-10-06,Day Pass,,,False,False,2024-10-06 19:39:20+00:00,Square
CAPITAN: Youth Day Pass with Gear (Under 14 y/o),20.0,1.65,0.0,CAPITAN: Youth Day Pass with Gear (Under 14 y/o),21.65,2024-10-06,Day Pass,,,False,False,2024-10-06 19:34:35+00:00,Square
CAPITAN: Day Pass with Gear (Adult 14 and Up),21.06,1.74,4.94,CAPITAN: Day Pass with Gear (Adult 14 and Up),22.8,2024-10-06,Day Pass,,,False,False,2024-10-06 19:31:43+00:00,Square
Regular,11.95,0.99,0.0,Petzl Spirit Carabiner Vent (red),12.94,2024-10-06,Retail,,,False,False,2024-10-06 19:16:11+00:00,Square
CAPITAN: Day Pass with Gear (Adult 14 and Up),26.0,2.15,0.0,CAPITAN: Day Pass with Gear (Adult 14 and Up),28.15,2024-10-06,Day Pass,,,False,False,2024-10-06 18:58:18+00:00,Square
CAPITAN: Non-Participant/Spectator Day Pass,5.0,0.41,0.0,CAPITAN: Non-Participant/Spectator Day Pass,5.41,2024-10-06,Day Pass,,,False,False,2024-10-06 18:58:18+00:00,Square
CAPITAN: Youth Day Pass with Gear (Under 14 y/o),20.0,1.65,0.0,CAPITAN: Youth Day Pass with Gear (Under 14 y/o),21.65,2024-10-06,Day Pass,,,False,False,2024-10-06 18:58:18+00:00,Square
CAPITAN: Day Pass (Adult 14 and Up),20.0,1.65,0.0,CAPITAN: Day Pass (Adult 14 and Up),21.65,2024-10-06,Day Pass,,,False,False,2024-10-06 18:56:44+00:00,Square
CAPITAN: Non-Participant/Spectator Day Pass,5.0,0.41,0.0,CAPITAN: Non-Participant/Spectator Day Pass,5.41,2024-10-06,Day Pass,,,False,False,2024-10-06 18:56:44+00:00,Square
Regular,1.5,0.12,0.0,Bites Strawberry 1.3 oz by Bobos Oat Bars,1.62,2024-10-06,Retail,,,False,False,2024-10-06 18:44:40+00:00,Square
Regular,2.29,0.19,0.0,Cilantro Lime Turkey Stick,2.48,2024-10-06,Retail,,,False,False,2024-10-06 18:44:40+00:00,Square
Regular,2.39,0.2,0.0,Honey Stinger Cookies and Creme Waffle,2.59,2024-10-06,Retail,,,False,False,2024-10-06 18:44:40+00:00,Square
GF 1 oz (Pack of 20)20,2.29,0.19,0.0,"Primal Beef Stick,Spicy",2.48,2024-10-06,Retail,,,False,False,2024-10-06 18:44:40+00:00,Square
"Kosher (2.4-Ounce Protein Bars, 1 Count)",2.5,0.2,0.0,CLIF Bar - Energy Bar - Blueberry Crisp,2.7,2024-10-06,Retail,,,False,False,2024-10-06 18:41:07+00:00,Square
Chocolate Chip,2.5,0.21,0.0,Clif Chocolate Chip Energy Bar,2.71,2024-10-06,Retail,,,False,False,2024-10-06 18:41:07+00:00,Square
No Description,50.0,4.13,0.0,No Name,54.13,2024-10-06,Retail,,,False,False,2024-10-06 17:26:21+00:00,Square
CAPITAN: Birthday Party- additional participant,20.0,16.5,0.0,CAPITAN: Birthday Party- additional participant,216.5,2024-10-06,Event Booking,,,False,False,2024-10-06 17:26:21+00:00,Square
CAPITAN: Birthday Party- non-member,185.0,15.26,0.0,CAPITAN: Birthday Party- non-member,200.26,2024-10-06,Event Booking,,,False,False,2024-10-06 17:26:21+00:00,Square
CAPITAN: Day Pass with Gear (Adult 14 and Up),26.0,4.29,0.0,CAPITAN: Day Pass with Gear (Adult 14 and Up),56.29,2024-10-06,Day Pass,,,False,False,2024-10-06 00:57:27+00:00,Square
Fruit Punch,2.0,0.37,0.5,Gatorade Thirst Quencher Sports Drink 20oz,4.87,2024-10-05,Retail,,,False,False,2024-10-05 23:59:30+00:00,Square
Regular,3.25,0.27,0.0,Fairlife Protein Shake Chocolate 11.5fl oz,3.52,2024-10-05,Retail,,,False,False,2024-10-05 23:35:50+00:00,Square
Regular,3.25,0.27,0.0,Fairlife Protein Shake Chocolate 11.5fl oz,3.52,2024-10-05,Retail,,,False,False,2024-10-05 23:16:02+00:00,Square
CAPITAN: Day Pass (Adult 14 and Up),20.0,1.65,0.0,CAPITAN: Day Pass (Adult 14 and Up),21.65,2024-10-05,Day Pass,,,False,False,2024-10-05 23:14:10+00:00,Square
CAPITAN: Day Pass with Gear (Adult 14 and Up),26.0,2.15,0.0,CAPITAN: Day Pass with Gear (Adult 14 and Up),28.15,2024-10-05,Day Pass,,,False,False,2024-10-05 23:14:10+00:00,Square
Glacier Cherry,2.5,0.21,0.0,Gatorade Zero Sugar Thirst Quencher 20oz,2.71,2024-10-05,Retail,,,False,False,2024-10-05 22:28:47+00:00,Square
CAPITAN: Day Pass (Adult 14 and Up),20.0,1.65,0.0,CAPITAN: Day Pass (Adult 14 and Up),21.65,2024-10-05,Day Pass,,,False,False,2024-10-05 22:26:59+00:00,Square
CAPITAN: Day Pass (Adult 14 and Up),20.0,1.65,0.0,CAPITAN: Day Pass (Adult 14 and Up),21.65,2024-10-05,Day Pass,,,False,False,2024-10-05 21:30:06+00:00,Square
Chunky Blend Chalk - 9.7oz,17.05,1.41,1.9,Midnight Lightning Chunky Blend Chalk,18.46,2024-10-05,Retail,,,False,False,2024-10-05 21:12:42+00:00,Square
CAPITAN: Day Pass with Gear (Adult 14 and Up),26.0,2.15,0.0,CAPITAN: Day Pass with Gear (Adult 14 and Up),28.15,2024-10-05,Day Pass,,,False,False,2024-10-05 20:32:16+00:00,Square
CAPITAN: Youth Day Pass with Gear (Under 14 y/o),20.0,1.65,0.0,CAPITAN: Youth Day Pass with Gear (Under 14 y/o),21.65,2024-10-05,Day Pass,,,False,False,2024-10-05 20:32:16+00:00,Square
CAPITAN: Day Pass with Gear (Adult 14 and Up),26.0,2.15,0.0,CAPITAN: Day Pass with Gear (Adult 14 and Up),28.15,2024-10-05,Day Pass,,,False,False,2024-10-05 20:31:03+00:00,Square
CAPITAN: Non-Participant/Spectator Day Pass,5.0,0.41,0.0,CAPITAN: Non-Participant/Spectator Day Pass,5.41,2024-10-05,Day Pass,,,False,False,2024-10-05 20:31:03+00:00,Square
CAPITAN: Youth Day Pass with Gear (Under 14 y/o),20.0,6.6,0.0,CAPITAN: Youth Day Pass with Gear (Under 14 y/o),86.6,2024-10-05,Day Pass,,,False,False,2024-10-05 20:31:03+00:00,Square
Regular,2.0,0.16,0.0,Ozarka Water Bottle 16.9oz,2.16,2024-10-05,Retail,,,False,False,2024-10-05 20:21:00+00:00,Square
CAPITAN: Non-Participant/Spectator Day Pass,5.0,0.41,0.0,CAPITAN: Non-Participant/Spectator Day Pass,5.41,2024-10-05,Day Pass,,,False,False,2024-10-05 19:19:03+00:00,Square
CAPITAN: Youth Day Pass (Under 14y/o),14.0,1.16,0.0,CAPITAN: Youth Day Pass (Under 14y/o),15.16,2024-10-05,Day Pass,,,False,False,2024-10-05 19:19:03+00:00,Square
CAPITAN: Day Pass with Gear (Adult 14 and Up),26.0,2.15,0.0,CAPITAN: Day Pass with Gear (Adult 14 and Up),28.15,2024-10-05,Day Pass,,,False,False,2024-10-05 18:49:13+00:00,Square
CAPITAN: Non-Participant/Spectator Day Pass,5.0,0.41,0.0,CAPITAN: Non-Participant/Spectator Day Pass,5.41,2024-10-05,Day Pass,,,False,False,2024-10-05 18:49:13+00:00,Square
CAPITAN: Youth Day Pass with Gear (Under 14 y/o),20.0,3.3,0.0,CAPITAN: Youth Day Pass with Gear (Under 14 y/o),43.3,2024-10-05,Day Pass,,,False,False,2024-10-05 18:49:13+00:00,Square
Regular,1.6700000000000002,0.14,0.72,Honey Stinger Cookies and Creme Waffle,1.81,2024-10-05,Retail,,,False,False,2024-10-05 18:37:12+00:00,Square
Regular,1.6700000000000002,0.14,0.72,Honey Stinger Organic Salted Caramel Flavored Waffle,1.81,2024-10-05,Retail,,,False,False,2024-10-05 18:37:12+00:00,Square
Regular,2.2800000000000002,0.18,0.97,Red Bull Energy Drink 8.4 oz,2.46,2024-10-05,Retail,,,False,False,2024-10-05 18:37:12+00:00,Square
Fruit Punch,2.25,0.19,0.25,Gatorade Thirst Quencher Sports Drink 20oz,2.44,2024-10-05,Retail,,,False,False,2024-10-05 18:22:55+00:00,Square
Regular,2.6,0.48,0.65,Red Bull Energy Drink 8.4 oz,6.33,2024-10-05,Retail,,,False,False,2024-10-05 18:22:55+00:00,Square
CAPITAN: Youth Day Pass (Under 14y/o),14.0,2.31,0.0,CAPITAN: Youth Day Pass (Under 14y/o),30.31,2024-10-05,Day Pass,,,False,False,2024-10-05 17:50:38+00:00,Square
Regular,2.0,0.66,0.0,Ozarka Water Bottle 16.9oz,8.66,2024-10-05,Retail,,,False,False,2024-10-05 16:48:53+00:00,Square
CAPITAN: Birthday Party- non-member,185.0,15.26,0.0,CAPITAN: Birthday Party- non-member,200.26,2024-10-05,Event Booking,,,False,False,2024-10-05 16:24:16+00:00,Square
(1.2 oz)54,1.75,1.01,0.0,CLIF Kid Zbar - Organic Energy Bar - Chocolate Brownie,13.26,2024-10-05,Retail,,,False,False,2024-10-05 15:59:35+00:00,Square
Regular,2.0,0.33,0.0,Ozarka Water Bottle 16.9oz,4.33,2024-10-05,Retail,,,False,False,2024-10-05 15:59:35+00:00,Square
CAPITAN: Day Pass with Gear (Adult 14 and Up),26.0,2.14,0.0,CAPITAN: Day Pass with Gear (Adult 14 and Up),28.14,2024-10-05,Day Pass,,,False,False,2024-10-05 15:52:24+00:00,Square
CAPITAN: Youth Day Pass with Gear (Under 14 y/o),20.0,3.3,0.0,CAPITAN: Youth Day Pass with Gear (Under 14 y/o),43.3,2024-10-05,Day Pass,,,False,False,2024-10-05 15:52:24+00:00,Square
CAPITAN: Day Pass with Gear (Adult 14 and Up),26.0,2.14,0.0,CAPITAN: Day Pass with Gear (Adult 14 and Up),28.14,2024-10-05,Day Pass,,,False,False,2024-10-05 15:42:45+00:00,Square
CAPITAN: Youth Day Pass (Under 14y/o),14.0,1.16,0.0,CAPITAN: Youth Day Pass (Under 14y/o),15.16,2024-10-05,Day Pass,,,False,False,2024-10-05 15:42:45+00:00,Square
CAPITAN: Youth Day Pass with Gear (Under 14 y/o),20.0,4.95,0.0,CAPITAN: Youth Day Pass with Gear (Under 14 y/o),64.95,2024-10-05,Day Pass,,,False,False,2024-10-05 15:42:45+00:00,Square
CAPITAN: Non-Participant/Spectator Day Pass,5.0,0.41,0.0,CAPITAN: Non-Participant/Spectator Day Pass,5.41,2024-10-05,Day Pass,,,False,False,2024-10-05 14:43:29+00:00,Square
CAPITAN: Youth Day Pass with Gear (Under 14 y/o),20.0,3.3,0.0,CAPITAN: Youth Day Pass with Gear (Under 14 y/o),43.3,2024-10-05,Day Pass,,,False,False,2024-10-05 14:43:29+00:00,Square
CAPITAN: Non-Participant/Spectator Day Pass,5.0,0.41,0.0,CAPITAN: Non-Participant/Spectator Day Pass,5.41,2024-10-05,Day Pass,,,False,False,2024-10-05 14:13:55+00:00,Square
CAPITAN: Youth Day Pass with Gear (Under 14 y/o),20.0,3.3,0.0,CAPITAN: Youth Day Pass with Gear (Under 14 y/o),43.3,2024-10-05,Day Pass,,,False,False,2024-10-05 14:13:55+00:00,Square
CAPITAN: Birthday Party- non-member,185.0,15.26,0.0,CAPITAN: Birthday Party- non-member,200.26,2024-10-05,Event Booking,,,False,False,2024-10-05 01:48:22+00:00,Square
Strawberry Banana,2.25,0.19,0.25,BodyArmor 20 oz,2.44,2024-10-05,Retail,,,False,False,2024-10-05 01:38:23+00:00,Square
Regular,2.1500000000000004,0.18,0.24,Honey Stinger Cookies and Creme Waffle,2.33,2024-10-04,Retail,,,False,False,2024-10-04 23:51:50+00:00,Square
Box of 16,2.1500000000000004,0.17,0.24,Untapped Organic Maple Raspberry Waffle - Individually Wrapped,2.32,2024-10-04,Retail,,,False,False,2024-10-04 23:51:50+00:00,Square
CAPITAN: Non-Participant/Spectator Day Pass,5.0,0.41,0.0,CAPITAN: Non-Participant/Spectator Day Pass,5.41,2024-10-04,Day Pass,,,False,False,2024-10-04 23:48:53+00:00,Square
CAPITAN: Youth Day Pass with Gear (Under 14 y/o),20.0,9.9,0.0,CAPITAN: Youth Day Pass with Gear (Under 14 y/o),129.9,2024-10-04,Day Pass,,,False,False,2024-10-04 23:48:53+00:00,Square
Regular,2.27,0.19,0.98,Red Bull Energy Drink 8.4 oz,2.46,2024-10-04,Retail,,,False,False,2024-10-04 23:48:20+00:00,Square
Regular,2.93,0.24,0.32,Fairlife Protein Shake Chocolate 11.5fl oz,3.17,2024-10-04,Retail,,,False,False,2024-10-04 23:10:01+00:00,Square
CAPITAN: Day Pass with Gear (Adult 14 and Up),26.0,2.14,0.0,CAPITAN: Day Pass with Gear (Adult 14 and Up),28.14,2024-10-04,Day Pass,,,False,False,2024-10-04 23:06:47+00:00,Square
CAPITAN: Day Pass (Adult 14 and Up),20.0,1.65,0.0,CAPITAN: Day Pass (Adult 14 and Up),21.65,2024-10-04,Day Pass,,,False,False,2024-10-04 22:43:47+00:00,Square
EU 42.5/US 9.5/10.5 (Black/Poppy),99.0,8.17,0.0,La Sportiva Men's Tarantula Climbing Shoe,107.17,2024-10-04,Retail,,,False,False,2024-10-04 22:43:47+00:00,Square
CAPITAN: Day Pass with Gear (Adult 14 and Up),26.0,4.29,0.0,CAPITAN: Day Pass with Gear (Adult 14 and Up),56.29,2024-10-04,Day Pass,,,False,False,2024-10-04 22:22:54+00:00,Square
Chunky Blend Chalk - 1.5oz,3.47,0.29,1.48,Midnight Lightning Chunky Blend Chalk,3.76,2024-10-04,Retail,,,False,False,2024-10-04 21:48:30+00:00,Square
Regular,1.6700000000000002,0.14,0.72,Honey Stinger Organic Salted Caramel Flavored Waffle,1.81,2024-10-04,Retail,,,False,False,2024-10-04 21:36:08+00:00,Square
Regular,2.2800000000000002,0.19,0.97,Red Bull Energy Drink 8.4 oz,2.47,2024-10-04,Retail,,,False,False,2024-10-04 21:36:08+00:00,Square
Regular,2.27,0.19,0.98,Fairlife Protein Shake Chocolate 11.5fl oz,2.46,2024-10-04,Retail,,,False,False,2024-10-04 19:27:52+00:00,Square
CAPITAN: Non-Participant/Spectator Day Pass,5.0,0.41,0.0,CAPITAN: Non-Participant/Spectator Day Pass,5.41,2024-10-04,Day Pass,,,False,False,2024-10-04 19:20:24+00:00,Square
CAPITAN: Day Pass with Gear (Adult 14 and Up),26.0,4.29,0.0,CAPITAN: Day Pass with Gear (Adult 14 and Up),56.29,2024-10-04,Day Pass,,,False,False,2024-10-04 18:58:21+00:00,Square
CAPITAN: Day Pass (Adult 14 and Up),20.0,3.3,0.0,CAPITAN: Day Pass (Adult 14 and Up),43.3,2024-10-04,Day Pass,,,False,False,2024-10-04 17:23:24+00:00,Square
Regular,2.0,0.16,0.0,Ozarka Water Bottle 16.9oz,2.16,2024-10-04,Retail,,,False,False,2024-10-04 16:43:49+00:00,Square
Chocolate Chip,1.75,0.14,0.0,CLIF Z Bar Chocolate Chip,1.89,2024-10-04,Retail,,,False,False,2024-10-04 16:39:55+00:00,Square
"Whole30 Approved, Certified Paleo, Keto-Friendly, and Gluten-Free Meat Snack with 6g of Protein",2.29,1.32,0.0,The New Primal Classic Beef Stick - 1 oz Meat Stick - 100% Grass-Fed Beef Snack,17.35,2024-10-04,Retail,,,False,False,2024-10-04 16:23:16+00:00,Square
1.3 Oz,1.5,0.37,0.0,Bobos Oat Bars Apple Pie Oat Bites,4.87,2024-10-04,Retail,,,False,False,2024-10-04 16:13:02+00:00,Square
CAPITAN: Day Pass with Gear (Adult 14 and Up),26.0,4.29,0.0,CAPITAN: Day Pass with Gear (Adult 14 and Up),56.29,2024-10-04,Day Pass,,,False,False,2024-10-04 16:03:44+00:00,Square
1.3 Oz,1.5,0.12,0.0,Bobos Oat Bars Apple Pie Oat Bites,1.62,2024-10-04,Retail,,,False,False,2024-10-04 16:01:00+00:00,Square
"Whole30 Approved, Certified Paleo, Keto-Friendly, and Gluten-Free Meat Snack with 6g of Protein",2.29,0.19,0.0,The New Primal Classic Beef Stick - 1 oz Meat Stick - 100% Grass-Fed Beef Snack,2.48,2024-10-04,Retail,,,False,False,2024-10-04 16:01:00+00:00,Square
CAPITAN: Non-Participant/Spectator Day Pass,5.0,0.41,0.0,CAPITAN: Non-Participant/Spectator Day Pass,5.41,2024-10-04,Day Pass,,,False,False,2024-10-04 15:11:34+00:00,Square
CAPITAN: Youth Day Pass with Gear (Under 14 y/o),20.0,1.65,0.0,CAPITAN: Youth Day Pass with Gear (Under 14 y/o),21.65,2024-10-04,Day Pass,,,False,False,2024-10-04 15:11:34+00:00,Square
Fruit Punch,2.0300000000000002,0.17,0.47,BodyArmor 20 oz,2.2,2024-10-04,Retail,,,False,False,2024-10-04 01:32:42+00:00,Square
2.5 oz,8.99,0.74,1.0,Friction Labs Unicorn Dust,9.73,2024-10-04,Retail,,,False,False,2024-10-04 00:59:13+00:00,Square
Regular,21.59,1.78,2.4,rungne Magdust,23.37,2024-10-04,Retail,,,False,False,2024-10-04 00:00:01+00:00,Square
No Description,415.0,34.24,0.0,No Name,449.24,2024-10-03,Retail,,,False,False,2024-10-03 23:29:06+00:00,Square
12 oz,26.99,2.23,3.0,Friction Labs Unicorn Dust,29.22,2024-10-03,Retail,,,False,False,2024-10-03 23:24:34+00:00,Square
No Description,32.0,2.64,0.0,No Name,34.64,2024-10-03,Retail,,,False,False,2024-10-03 22:28:42+00:00,Square
No Description,2.0,0.16,0.0,No Name,2.16,2024-10-03,Retail,,,False,False,2024-10-03 22:11:17+00:00,Square
1.3 Oz,1.5,0.12,0.0,Bobos Oat Bars Apple Pie Oat Bites,1.62,2024-10-03,Retail,,,False,False,2024-10-03 21:54:08+00:00,Square
Regular,2.29,0.19,0.0,Cilantro Lime Turkey Stick,2.48,2024-10-03,Retail,,,False,False,2024-10-03 21:54:08+00:00,Square
Regular,2.75,0.23,0.0,Vita Coco Coconut Water 11.1oz,2.98,2024-10-03,Retail,,,False,False,2024-10-03 21:54:08+00:00,Square
Regular,2.93,0.24,0.32,Red Bull Energy Drink 8.4 oz,3.17,2024-10-03,Retail,,,False,False,2024-10-03 20:02:03+00:00,Square
GF 1 oz (Pack of 20)20,0.9199999999999999,0.26,1.37,"Primal Beef Stick,Spicy",3.47,2024-10-03,Retail,,,False,False,2024-10-03 19:00:22+00:00,Square
Lemon Lime,1.75,0.14,0.75,Gatorade Zero Sugar Thirst Quencher 20oz,1.89,2024-10-03,Retail,,,False,False,2024-10-03 01:04:32+00:00,Square
Regular,18.0,1.48,2.0,Boot Bananas Shoe Deodorisers,19.48,2024-10-03,Retail,,,False,False,2024-10-03 00:43:47+00:00,Square
Regular,2.27,0.19,0.98,Red Bull Energy Drink 8.4 oz,2.46,2024-10-02,Retail,,,False,False,2024-10-02 23:02:36+00:00,Square
Regular,1.6700000000000002,0.14,0.72,Honey Stinger Organic Salted Caramel Flavored Waffle,1.81,2024-10-02,Retail,,,False,False,2024-10-02 21:35:25+00:00,Square
Regular,2.2800000000000002,0.19,0.97,Red Bull Energy Drink 8.4 oz,2.47,2024-10-02,Retail,,,False,False,2024-10-02 21:35:25+00:00,Square
"Whole30 Approved, Certified Paleo, Keto-Friendly, and Gluten-Free Meat Snack with 6g of Protein",1.6,0.13,0.69,The New Primal Classic Beef Stick - 1 oz Meat Stick - 100% Grass-Fed Beef Snack,1.73,2024-10-02,Retail,,,False,False,2024-10-02 21:35:25+00:00,Square
CAPITAN: Non-Participant/Spectator Day Pass,5.0,0.41,0.0,CAPITAN: Non-Participant/Spectator Day Pass,5.41,2024-10-02,Day Pass,,,False,False,2024-10-02 21:30:26+00:00,Square
CAPITAN: Youth Day Pass with Gear (Under 14 y/o),20.0,1.65,0.0,CAPITAN: Youth Day Pass with Gear (Under 14 y/o),21.65,2024-10-02,Day Pass,,,False,False,2024-10-02 21:30:26+00:00,Square
Regular,2.0,0.17,0.0,Ozarka Water Bottle 16.9oz,2.17,2024-10-02,Retail,,,False,False,2024-10-02 18:55:53+00:00,Square
Regular,16.99,1.4,0.0,rungne Magball,18.39,2024-10-02,Retail,,,False,False,2024-10-02 18:55:53+00:00,Square
JTree 50mL Climber Salve,20.99,1.73,0.0,Joshua Tree Organic Climbing Salve,22.72,2024-10-02,Retail,,,False,False,2024-10-02 01:53:40+00:00,Square
Felix,32.9,2.71,0.0,8bplus Character Chalk Bag,35.61,2024-10-01,Retail,,,False,False,2024-10-01 23:15:04+00:00,Square
Regular,8.95,0.74,0.0,Midnight Lightning Chalktopus,9.69,2024-10-01,Retail,,,False,False,2024-10-01 23:15:04+00:00,Square
Chunky Blend Chalk - 1.5oz,4.95,0.41,0.0,Midnight Lightning Chunky Blend Chalk,5.36,2024-10-01,Retail,,,False,False,2024-10-01 23:15:04+00:00,Square
CAPITAN: Day Pass with Gear (Adult 14 and Up),26.0,2.15,0.0,CAPITAN: Day Pass with Gear (Adult 14 and Up),28.15,2024-10-01,Day Pass,,,False,False,2024-10-01 23:05:06+00:00,Square
CAPITAN: Youth Day Pass with Gear (Under 14 y/o),20.0,1.65,0.0,CAPITAN: Youth Day Pass with Gear (Under 14 y/o),21.65,2024-10-01,Day Pass,,,False,False,2024-10-01 23:05:06+00:00,Square
CAPITAN: Day Pass with Gear (Adult 14 and Up),26.0,2.15,0.0,CAPITAN: Day Pass with Gear (Adult 14 and Up),28.15,2024-10-01,Day Pass,,,False,False,2024-10-01 20:24:11+00:00,Square
CAPITAN: Youth Day Pass with Gear (Under 14 y/o),20.0,1.65,0.0,CAPITAN: Youth Day Pass with Gear (Under 14 y/o),21.65,2024-10-01,Day Pass,,,False,False,2024-10-01 20:24:11+00:00,Square
Regular,2.0,0.16,0.0,Ozarka Water Bottle 16.9oz,2.16,2024-10-01,Retail,,,False,False,2024-10-01 20:24:11+00:00,Square
7.5,82.57,6.81,35.38,UNPARALLEL UP-MOCC,89.38,2024-10-01,Retail,,,False,False,2024-10-01 20:23:28+00:00,Square
CAPITAN: Day Pass with Gear (Adult 14 and Up),26.0,4.29,0.0,CAPITAN: Day Pass with Gear (Adult 14 and Up),56.29,2024-10-01,Day Pass,,,False,False,2024-10-01 18:54:47+00:00,Square
Glacier Cherry,2.5,0.21,0.0,Gatorade Zero Sugar Thirst Quencher 20oz,2.71,2024-10-01,Retail,,,False,False,2024-10-01 18:50:52+00:00,Square
JTree 50mL Climber Salve,20.99,1.73,0.0,Joshua Tree Organic Climbing Salve,22.72,2024-10-01,Retail,,,False,False,2024-10-01 18:50:52+00:00,Square
Chunky Blend Chalk - 1.5oz,4.95,0.41,0.0,Midnight Lightning Chunky Blend Chalk,5.36,2024-10-01,Retail,,,False,False,2024-10-01 17:08:33+00:00,Square
CAPITAN: Gear Upgrade,6.0,0.5,0.0,CAPITAN: Gear Upgrade,6.5,2024-10-01,Day Pass,,,False,False,2024-10-01 14:33:59+00:00,Square
Regular,3.25,0.27,0.0,Red Bull Energy Drink 8.4 oz,3.52,2024-10-01,Retail,,,False,False,2024-10-01 12:37:10+00:00,Square
Regular,2.0,0.5,0.0,Ozarka Water Bottle 16.9oz,6.5,2024-09-30,Retail,,,False,False,2024-09-30 23:39:04+00:00,Square
"Kosher (2.4 Ounce Protein Bar, 1 Count) Packaging May Vary",1.75,0.14,0.75,CLIF Bar - Energy Bar - Peanut Butter Banana with Dark Chocolate - Made with Organic Oats - Plant Based Food - Vegetarian,1.89,2024-09-30,Retail,,,False,False,2024-09-30 23:11:06+00:00,Square
Regular,1.6800000000000002,0.14,0.71,Honey Stinger Organic Salted Caramel Flavored Waffle,1.82,2024-09-30,Retail,,,False,False,2024-09-30 23:11:06+00:00,Square
"Whole30 Approved, Certified Paleo, Keto-Friendly, and Gluten-Free Meat Snack with 6g of Protein",1.6,0.13,0.69,The New Primal Classic Beef Stick - 1 oz Meat Stick - 100% Grass-Fed Beef Snack,1.73,2024-09-30,Retail,,,False,False,2024-09-30 23:11:06+00:00,Square
Regular,2.0,0.16,0.0,Ozarka Water Bottle 16.9oz,2.16,2024-09-30,Retail,,,False,False,2024-09-30 22:22:26+00:00,Square
CAPITAN: Day Pass (Adult 14 and Up),20.0,1.65,0.0,CAPITAN: Day Pass (Adult 14 and Up),21.65,2024-09-30,Day Pass,,,False,False,2024-09-30 22:21:26+00:00,Square
CAPITAN: Day Pass with Gear (Adult 14 and Up),26.0,2.15,0.0,CAPITAN: Day Pass with Gear (Adult 14 and Up),28.15,2024-09-30,Day Pass,,,False,False,2024-09-30 22:21:26+00:00,Square
Regular,1.5,0.12,0.0,Bites Strawberry 1.3 oz by Bobos Oat Bars,1.62,2024-09-30,Retail,,,False,False,2024-09-30 22:06:30+00:00,Square
1.3 Oz,1.5,0.13,0.0,Bobos Oat Bars Apple Pie Oat Bites,1.63,2024-09-30,Retail,,,False,False,2024-09-30 22:06:30+00:00,Square
1.3 Oz,1.5,0.12,0.0,Bobos Oat Bars Apple Pie Oat Bites,1.62,2024-09-30,Retail,,,False,False,2024-09-30 22:02:26+00:00,Square
Regular,2.27,0.19,0.98,Red Bull Energy Drink 8.4 oz,2.46,2024-09-30,Retail,,,False,False,2024-09-30 21:46:55+00:00,Square
CAPITAN: Day Pass with Gear (Adult 14 and Up),18.2,3.64,7.8,CAPITAN: Day Pass with Gear (Adult 14 and Up),47.84,2024-09-30,Day Pass,,,False,False,2024-09-30 21:17:04+00:00,Square
CAPITAN: Youth Day Pass with Gear (Under 14 y/o),17.0,1.4,3.0,CAPITAN: Youth Day Pass with Gear (Under 14 y/o),18.4,2024-09-30,Day Pass,,,False,False,2024-09-30 21:17:04+00:00,Square
"Kosher (2.4 Ounce Protein Bar, 1 Count) Packaging May Vary",2.12,0.18,0.38,CLIF Bar - Energy Bar - Peanut Butter Banana with Dark Chocolate - Made with Organic Oats - Plant Based Food - Vegetarian,2.3,2024-09-30,Retail,,,False,False,2024-09-30 21:17:04+00:00,Square
Regular,2.0,0.16,0.0,Ozarka Water Bottle 16.9oz,2.16,2024-09-30,Retail,,,False,False,2024-09-30 20:10:32+00:00,Square
Regular,23.99,1.98,0.0,rungne Magdust,25.97,2024-09-30,Retail,,,False,False,2024-09-30 20:10:32+00:00,Square
CAPITAN: Day Pass (Adult 14 and Up),20.0,1.65,0.0,CAPITAN: Day Pass (Adult 14 and Up),21.65,2024-09-30,Day Pass,,,False,False,2024-09-30 13:51:41+00:00,Square
Fruit Punch,2.5,0.21,0.0,BodyArmor 20 oz,2.71,2024-09-29,Retail,,,False,False,2024-09-29 23:32:29+00:00,Square
M/L (turquoise),62.95,5.19,7.0,Petzl Corax Climbing Harness,68.14,2024-09-29,Retail,,,False,False,2024-09-29 23:31:18+00:00,Square
Regular,7.15,0.59,0.8,Midnight Lightning Liquid Chalk Refillable - 50mL,7.74,2024-09-29,Retail,,,False,False,2024-09-29 23:27:16+00:00,Square
CAPITAN: Day Pass (Adult 14 and Up),20.0,1.65,0.0,CAPITAN: Day Pass (Adult 14 and Up),21.65,2024-09-29,Day Pass,,,False,False,2024-09-29 23:19:32+00:00,Square
CAPITAN: Day Pass with Gear (Adult 14 and Up),26.0,2.15,0.0,CAPITAN: Day Pass with Gear (Adult 14 and Up),28.15,2024-09-29,Day Pass,,,False,False,2024-09-29 23:19:32+00:00,Square
Regular,2.93,0.24,0.32,Red Bull Energy Drink 8.4 oz,3.17,2024-09-29,Retail,,,False,False,2024-09-29 23:03:04+00:00,Square
Fruit Punch,2.5,0.41,0.0,Gatorade Thirst Quencher Sports Drink 20oz,5.41,2024-09-29,Retail,,,False,False,2024-09-29 21:53:54+00:00,Square
Screw-Lock (B019QNNJX6),17.05,1.41,1.9,Petzl William Screw Carabiner (gray),18.46,2024-09-29,Retail,,,False,False,2024-09-29 21:51:17+00:00,Square
CAPITAN: Day Pass with Gear (Adult 14 and Up),26.0,4.29,0.0,CAPITAN: Day Pass with Gear (Adult 14 and Up),56.29,2024-09-29,Day Pass,,,False,False,2024-09-29 21:30:30+00:00,Square
CAPITAN: Day Pass with Gear (Adult 14 and Up),26.0,4.29,0.0,CAPITAN: Day Pass with Gear (Adult 14 and Up),56.29,2024-09-29,Day Pass,,,False,False,2024-09-29 21:28:57+00:00,Square
Regular,3.25,0.27,0.0,Red Bull Energy Drink 8.4 oz,3.52,2024-09-29,Retail,,,False,False,2024-09-29 21:28:57+00:00,Square
CAPITAN: Non-Participant/Spectator Day Pass,5.0,0.41,0.0,CAPITAN: Non-Participant/Spectator Day Pass,5.41,2024-09-29,Day Pass,,,False,False,2024-09-29 20:45:50+00:00,Square
CAPITAN: Youth Day Pass with Gear (Under 14 y/o),20.0,1.65,0.0,CAPITAN: Youth Day Pass with Gear (Under 14 y/o),21.65,2024-09-29,Day Pass,,,False,False,2024-09-29 20:45:50+00:00,Square
CAPITAN: Non-Participant/Spectator Day Pass,5.0,0.41,0.0,CAPITAN: Non-Participant/Spectator Day Pass,5.41,2024-09-29,Day Pass,,,False,False,2024-09-29 20:27:25+00:00,Square
CAPITAN: Youth Day Pass with Gear (Under 14 y/o),20.0,1.65,0.0,CAPITAN: Youth Day Pass with Gear (Under 14 y/o),21.65,2024-09-29,Day Pass,,,False,False,2024-09-29 20:27:25+00:00,Square
CAPITAN: Non-Participant/Spectator Day Pass,5.0,0.41,0.0,CAPITAN: Non-Participant/Spectator Day Pass,5.41,2024-09-29,Day Pass,,,False,False,2024-09-29 20:12:06+00:00,Square
Strawberry Banana,2.5,0.21,0.0,BodyArmor 20 oz,2.71,2024-09-29,Retail,,,False,False,2024-09-29 19:50:03+00:00,Square
CAPITAN: Day Pass (Adult 14 and Up),20.0,1.64,0.0,CAPITAN: Day Pass (Adult 14 and Up),21.64,2024-09-29,Day Pass,,,False,False,2024-09-29 19:50:03+00:00,Square
Chocolate Chip,2.5,0.21,0.0,Chocolate Chip Energy Bar,2.71,2024-09-29,Retail,,,False,False,2024-09-29 19:50:03+00:00,Square
Mess Free Gym Chalk with Easy to Refill Sock,12.99,1.07,0.0,"Friction Labs Magic Pro Chalk Sphere 2.2oz - Premium Moisture-Wicking Chalk Ball for Rock Climbing, Weight Lifting, Gymnastics, & Bowling",14.06,2024-09-29,Retail,,,False,False,2024-09-29 19:46:23+00:00,Square
Large,25.0,2.06,0.0,Organic Chalk Bag,27.06,2024-09-29,Retail,,,False,False,2024-09-29 19:46:23+00:00,Square
Mess Free Gym Chalk with Easy to Refill Sock,12.99,1.07,0.0,"Friction Labs Magic Pro Chalk Sphere 2.2oz - Premium Moisture-Wicking Chalk Ball for Rock Climbing, Weight Lifting, Gymnastics, & Bowling",14.06,2024-09-29,Retail,,,False,False,2024-09-29 19:45:27+00:00,Square
Large,25.0,2.06,0.0,Organic Chalk Bag,27.06,2024-09-29,Retail,,,False,False,2024-09-29 19:45:27+00:00,Square
CAPITAN: Day Pass with Gear (Adult 14 and Up),26.0,4.29,0.0,CAPITAN: Day Pass with Gear (Adult 14 and Up),56.29,2024-09-29,Day Pass,,,False,False,2024-09-29 19:44:01+00:00,Square
CAPITAN: Day Pass with Gear (Adult 14 and Up),26.0,4.29,0.0,CAPITAN: Day Pass with Gear (Adult 14 and Up),56.29,2024-09-29,Day Pass,,,False,False,2024-09-29 19:39:20+00:00,Square
CAPITAN: Non-Participant/Spectator Day Pass,5.0,0.41,0.0,CAPITAN: Non-Participant/Spectator Day Pass,5.41,2024-09-29,Day Pass,,,False,False,2024-09-29 19:39:20+00:00,Square
Regular,2.27,0.19,0.98,Red Bull Energy Drink 8.4 oz,2.46,2024-09-29,Retail,,,False,False,2024-09-29 19:35:47+00:00,Square
CAPITAN: Day Pass with Gear (Adult 14 and Up),26.0,6.44,0.0,CAPITAN: Day Pass with Gear (Adult 14 and Up),84.44,2024-09-29,Day Pass,,,False,False,2024-09-29 19:29:42+00:00,Square
CAPITAN: Youth Day Pass with Gear (Under 14 y/o),20.0,9.9,0.0,CAPITAN: Youth Day Pass with Gear (Under 14 y/o),129.9,2024-09-29,Day Pass,,,False,False,2024-09-29 19:09:48+00:00,Square
(1.2 oz)54,1.75,0.14,0.0,CLIF Kid Zbar - Organic Energy Bar - Chocolate Brownie,1.89,2024-09-29,Retail,,,False,False,2024-09-29 00:13:41+00:00,Square
CAPITAN: Day Pass with Gear (Adult 14 and Up),26.0,2.15,0.0,CAPITAN: Day Pass with Gear (Adult 14 and Up),28.15,2024-09-28,Day Pass,,,False,False,2024-09-28 22:41:56+00:00,Square
CAPITAN: Youth Day Pass with Gear (Under 14 y/o),20.0,1.65,0.0,CAPITAN: Youth Day Pass with Gear (Under 14 y/o),21.65,2024-09-28,Day Pass,,,False,False,2024-09-28 22:41:56+00:00,Square
CAPITAN: Birthday Party- non-member,185.0,15.26,0.0,CAPITAN: Birthday Party- non-member,200.26,2024-09-28,Event Booking,,,False,False,2024-09-28 22:23:58+00:00,Square
Regular,2.27,0.19,0.98,Red Bull Energy Drink 8.4 oz,2.46,2024-09-28,Retail,,,False,False,2024-09-28 22:21:58+00:00,Square
CAPITAN: Day Pass with Gear (Adult 14 and Up),26.0,2.14,0.0,CAPITAN: Day Pass with Gear (Adult 14 and Up),28.14,2024-09-28,Day Pass,,,False,False,2024-09-28 21:34:46+00:00,Square
CAPITAN: Youth Day Pass with Gear (Under 14 y/o),20.0,3.3,0.0,CAPITAN: Youth Day Pass with Gear (Under 14 y/o),43.3,2024-09-28,Day Pass,,,False,False,2024-09-28 21:34:46+00:00,Square
CAPITAN: Youth Day Pass (Under 14y/o),14.0,1.15,0.0,CAPITAN: Youth Day Pass (Under 14y/o),15.15,2024-09-28,Day Pass,,,False,False,2024-09-28 20:23:57+00:00,Square
CAPITAN: Youth Day Pass with Gear (Under 14 y/o),20.0,1.65,0.0,CAPITAN: Youth Day Pass with Gear (Under 14 y/o),21.65,2024-09-28,Day Pass,,,False,False,2024-09-28 20:23:57+00:00,Square
Lemon Lime,2.5,0.2,0.0,Gatorade Thirst Quencher Sports Drink 20oz,2.7,2024-09-28,Retail,,,False,False,2024-09-28 19:31:36+00:00,Square
Fruit Punch,2.5,0.21,0.0,Gatorade Thirst Quencher Sports Drink 20oz,2.71,2024-09-28,Retail,,,False,False,2024-09-28 19:31:36+00:00,Square
CAPITAN: Day Pass with Gear (Adult 14 and Up),26.0,2.15,0.0,CAPITAN: Day Pass with Gear (Adult 14 and Up),28.15,2024-09-28,Day Pass,,,False,False,2024-09-28 19:28:32+00:00,Square
CAPITAN: Youth Day Pass with Gear (Under 14 y/o),20.0,1.65,0.0,CAPITAN: Youth Day Pass with Gear (Under 14 y/o),21.65,2024-09-28,Day Pass,,,False,False,2024-09-28 19:28:32+00:00,Square
Grip and Extensor Trainer,17.95,1.48,2.0,GripSaver Plus soft,19.43,2024-09-28,Retail,,,False,False,2024-09-28 19:26:43+00:00,Square
CAPITAN: Birthday Party- additional participant,20.0,1.65,0.0,CAPITAN: Birthday Party- additional participant,21.65,2024-09-28,Event Booking,,,False,False,2024-09-28 18:40:09+00:00,Square
CAPITAN: Day Pass with Gear (Adult 14 and Up),26.0,2.14,0.0,CAPITAN: Day Pass with Gear (Adult 14 and Up),28.14,2024-09-28,Day Pass,,,False,False,2024-09-28 18:39:28+00:00,Square
CAPITAN: Youth Day Pass with Gear (Under 14 y/o),20.0,3.3,0.0,CAPITAN: Youth Day Pass with Gear (Under 14 y/o),43.3,2024-09-28,Day Pass,,,False,False,2024-09-28 18:39:28+00:00,Square
Chunky Blend Chalk - 1.5oz,4.95,0.41,0.0,Midnight Lightning Chunky Blend Chalk,5.36,2024-09-28,Retail,,,False,False,2024-09-28 18:39:28+00:00,Square
Box of 16,2.39,0.59,0.0,Untapped Organic Maple Raspberry Waffle - Individually Wrapped,7.76,2024-09-28,Retail,,,False,False,2024-09-28 18:39:28+00:00,Square
CAPITAN: Birthday Party- additional participant,20.0,1.65,0.0,CAPITAN: Birthday Party- additional participant,21.65,2024-09-28,Event Booking,,,False,False,2024-09-28 18:24:24+00:00,Square
CAPITAN: Birthday Party- Member,125.0,10.31,0.0,CAPITAN: Birthday Party- Member,135.31,2024-09-28,Event Booking,,,False,False,2024-09-28 17:40:38+00:00,Square
CAPITAN: Day Pass with Gear (Adult 14 and Up),26.0,4.29,0.0,CAPITAN: Day Pass with Gear (Adult 14 and Up),56.29,2024-09-28,Day Pass,,,False,False,2024-09-28 17:21:56+00:00,Square
Regular,2.0,0.16,0.0,Ozarka Water Bottle 16.9oz,2.16,2024-09-28,Retail,,,False,False,2024-09-28 17:07:21+00:00,Square
CAPITAN: Non-Participant/Spectator Day Pass,5.0,0.82,0.0,CAPITAN: Non-Participant/Spectator Day Pass,10.82,2024-09-28,Day Pass,,,False,False,2024-09-28 17:01:20+00:00,Square
CAPITAN: Youth Day Pass with Gear (Under 14 y/o),20.0,3.3,0.0,CAPITAN: Youth Day Pass with Gear (Under 14 y/o),43.3,2024-09-28,Day Pass,,,False,False,2024-09-28 17:01:20+00:00,Square
CAPITAN: Non-Participant/Spectator Day Pass,5.0,0.41,0.0,CAPITAN: Non-Participant/Spectator Day Pass,5.41,2024-09-28,Day Pass,,,False,False,2024-09-28 16:48:24+00:00,Square
CAPITAN: Youth Day Pass with Gear (Under 14 y/o),20.0,3.3,0.0,CAPITAN: Youth Day Pass with Gear (Under 14 y/o),43.3,2024-09-28,Day Pass,,,False,False,2024-09-28 16:48:24+00:00,Square
Matcha Green Tea & Lemon Energy Chews,2.45,0.2,0.0,Skratch Labs Sport Energy Chews,2.65,2024-09-28,Retail,,,False,False,2024-09-28 16:40:31+00:00,Square
Mess Free Gym Chalk with Easy to Refill Sock,12.99,1.07,0.0,"Friction Labs Magic Pro Chalk Sphere 2.2oz - Premium Moisture-Wicking Chalk Ball for Rock Climbing, Weight Lifting, Gymnastics, & Bowling",14.06,2024-09-28,Retail,,,False,False,2024-09-28 16:27:13+00:00,Square
EU 44.5/US 11/12 (black/poppy),99.0,8.17,0.0,La Sportiva Men's Tarantula Climbing Shoe,107.17,2024-09-28,Retail,,,False,False,2024-09-28 16:27:13+00:00,Square
CAPITAN: Day Pass (Adult 14 and Up),20.0,1.65,0.0,CAPITAN: Day Pass (Adult 14 and Up),21.65,2024-09-28,Day Pass,,,False,False,2024-09-28 16:13:23+00:00,Square
CAPITAN: Day Pass (Adult 14 and Up),20.0,3.3,0.0,CAPITAN: Day Pass (Adult 14 and Up),43.3,2024-09-28,Day Pass,,,False,False,2024-09-28 16:03:08+00:00,Square
Regular,3.25,0.27,0.0,Red Bull Energy Drink 8.4 oz,3.52,2024-09-28,Retail,,,False,False,2024-09-28 15:33:35+00:00,Square
CAPITAN: Day Pass (Adult 14 and Up),20.0,3.3,0.0,CAPITAN: Day Pass (Adult 14 and Up),43.3,2024-09-28,Day Pass,,,False,False,2024-09-28 15:28:50+00:00,Square
Mess Free Gym Chalk with Easy to Refill Sock,12.99,1.07,0.0,"Friction Labs Magic Pro Chalk Sphere 2.2oz - Premium Moisture-Wicking Chalk Ball for Rock Climbing, Weight Lifting, Gymnastics, & Bowling",14.06,2024-09-28,Retail,,,False,False,2024-09-28 15:28:50+00:00,Square
EU 46/US 12.5/13.5 (black/poppy),99.0,8.17,0.0,La Sportiva Men's Tarantula Climbing Shoe,107.17,2024-09-28,Retail,,,False,False,2024-09-28 15:28:50+00:00,Square
CAPITAN: Youth Day Pass with Gear (Under 14 y/o),20.0,4.95,0.0,CAPITAN: Youth Day Pass with Gear (Under 14 y/o),64.95,2024-09-28,Day Pass,,,False,False,2024-09-28 15:25:49+00:00,Square
2.5 oz,6.99,0.57,3.0,Friction Labs Unicorn Dust,7.56,2024-09-28,Retail,,,False,False,2024-09-28 15:25:32+00:00,Square
Regular,6.27,0.52,2.68,Midnight Lightning Chalktopus,6.79,2024-09-28,Retail,,,False,False,2024-09-28 15:25:32+00:00,Square
CAPITAN: Day Pass with Gear (Adult 14 and Up),26.0,2.15,0.0,CAPITAN: Day Pass with Gear (Adult 14 and Up),28.15,2024-09-28,Day Pass,,,False,False,2024-09-28 14:59:35+00:00,Square
CAPITAN: Non-Participant/Spectator Day Pass,5.0,0.41,0.0,CAPITAN: Non-Participant/Spectator Day Pass,5.41,2024-09-28,Day Pass,,,False,False,2024-09-28 14:59:35+00:00,Square
CAPITAN: Youth Day Pass with Gear (Under 14 y/o),20.0,1.65,0.0,CAPITAN: Youth Day Pass with Gear (Under 14 y/o),21.65,2024-09-28,Day Pass,,,False,False,2024-09-28 14:59:35+00:00,Square
CAPITAN: Youth Day Pass with Gear (Under 14 y/o),20.0,3.3,0.0,CAPITAN: Youth Day Pass with Gear (Under 14 y/o),43.3,2024-09-28,Day Pass,,,False,False,2024-09-28 14:52:22+00:00,Square
Regular,1.4,0.12,0.6,Ozarka Water Bottle 16.9oz,1.52,2024-09-28,Retail,,,False,False,2024-09-28 01:35:12+00:00,Square
Regular,8.1,0.67,0.9,SoiLL Eco Distribution Brush,8.77,2024-09-28,Retail,,,False,False,2024-09-28 01:31:06+00:00,Square
"Whole30 Approved, Certified Paleo, Keto-Friendly, and Gluten-Free Meat Snack with 6g of Protein",1.6,0.13,0.69,The New Primal Classic Beef Stick - 1 oz Meat Stick - 100% Grass-Fed Beef Snack,1.73,2024-09-28,Retail,,,False,False,2024-09-28 00:41:31+00:00,Square
Regular,1.5,0.12,0.0,Bites Strawberry 1.3 oz by Bobos Oat Bars,1.62,2024-09-28,Retail,,,False,False,2024-09-28 00:27:30+00:00,Square
1.3 Oz,1.5,0.13,0.0,Bobos Oat Bars Apple Pie Oat Bites,1.63,2024-09-28,Retail,,,False,False,2024-09-28 00:27:30+00:00,Square
Regular,2.29,0.19,0.0,Cilantro Lime Turkey Stick,2.48,2024-09-28,Retail,,,False,False,2024-09-28 00:27:30+00:00,Square
"Whole30 Approved, Certified Paleo, Keto-Friendly, and Gluten-Free Meat Snack with 6g of Protein",2.29,0.19,0.0,The New Primal Classic Beef Stick - 1 oz Meat Stick - 100% Grass-Fed Beef Snack,2.48,2024-09-28,Retail,,,False,False,2024-09-28 00:27:30+00:00,Square
CAPITAN: Day Pass (Adult 14 and Up),20.0,3.3,0.0,CAPITAN: Day Pass (Adult 14 and Up),43.3,2024-09-28,Day Pass,,,False,False,2024-09-28 00:18:09+00:00,Square
S/M (navy blue),69.95,5.77,0.0,Petzl Corax Climbing Harness,75.72,2024-09-27,Retail,,,False,False,2024-09-27 23:39:11+00:00,Square
Red (B07MP53YHV),109.95,9.07,0.0,Petzl Grigri Belay Device (red/orange),119.02,2024-09-27,Retail,,,False,False,2024-09-27 23:39:11+00:00,Square
S (violet),79.95,6.6,0.0,Petzl Women's Selena Climbing Harness,86.55,2024-09-27,Retail,,,False,False,2024-09-27 23:39:11+00:00,Square
CAPITAN: Non-Participant/Spectator Day Pass,5.0,0.82,0.0,CAPITAN: Non-Participant/Spectator Day Pass,10.82,2024-09-27,Day Pass,,,False,False,2024-09-27 23:37:51+00:00,Square
1.3 Oz,1.05,0.09,0.45,Bobos Oat Bars Apple Pie Oat Bites,1.14,2024-09-27,Retail,,,False,False,2024-09-27 22:29:30+00:00,Square
Regular,2.2800000000000002,0.18,0.97,Fairlife Protein Shake Chocolate 11.5fl oz,2.46,2024-09-27,Retail,,,False,False,2024-09-27 22:29:30+00:00,Square
Regular,116.1,9.58,12.9,Beastmaker 1000,125.68,2024-09-27,Retail,,,False,False,2024-09-27 21:28:29+00:00,Square
Regular,2.2800000000000002,0.19,0.97,Red Bull Energy Drink 8.4 oz,2.47,2024-09-27,Retail,,,False,False,2024-09-27 21:12:03+00:00,Square
Box of 16,1.6700000000000002,0.14,0.72,Untapped Organic Maple Raspberry Waffle - Individually Wrapped,1.81,2024-09-27,Retail,,,False,False,2024-09-27 21:12:03+00:00,Square
CAPITAN: Day Pass (Adult 14 and Up),20.0,1.65,0.0,CAPITAN: Day Pass (Adult 14 and Up),21.65,2024-09-27,Day Pass,,,False,False,2024-09-27 20:35:21+00:00,Square
CAPITAN: Day Pass with Gear (Adult 14 and Up),26.0,2.14,0.0,CAPITAN: Day Pass with Gear (Adult 14 and Up),28.14,2024-09-27,Day Pass,,,False,False,2024-09-27 20:33:17+00:00,Square
CAPITAN: Day Pass (Adult 14 and Up),20.0,1.65,0.0,CAPITAN: Day Pass (Adult 14 and Up),21.65,2024-09-27,Day Pass,,,False,False,2024-09-27 20:31:55+00:00,Square
3 Pack,44.95,3.71,5.0,GripSaver Plus 3 pack,48.66,2024-09-27,Retail,,,False,False,2024-09-27 20:04:54+00:00,Square
Glacier Cherry,2.5,0.21,0.0,Gatorade Zero Sugar Thirst Quencher 20oz,2.71,2024-09-27,Retail,,,False,False,2024-09-27 19:42:21+00:00,Square
CAPITAN: Day Pass (Adult 14 and Up),20.0,1.65,0.0,CAPITAN: Day Pass (Adult 14 and Up),21.65,2024-09-27,Day Pass,,,False,False,2024-09-27 19:32:38+00:00,Square
CAPITAN: Day Pass with Gear (Adult 14 and Up),26.0,2.15,0.0,CAPITAN: Day Pass with Gear (Adult 14 and Up),28.15,2024-09-27,Day Pass,,,False,False,2024-09-27 19:32:38+00:00,Square
3 Pack,49.95,4.12,0.0,GripSaver Plus 3 pack,54.07,2024-09-27,Retail,,,False,False,2024-09-27 17:54:18+00:00,Square
Lemon Lime,1.75,0.14,0.75,Gatorade Thirst Quencher Sports Drink 20oz,1.89,2024-09-27,Retail,,,False,False,2024-09-27 16:05:54+00:00,Square
Sand,24.209999999999997,2.0,2.69,8BPLUS PROBAG,26.21,2024-09-27,Retail,,,False,False,2024-09-27 01:18:51+00:00,Square
8BPlus Probag Chalk Bag,24.209999999999997,2.0,2.69,8BPLUS PROBAG,26.21,2024-09-27,Retail,,,False,False,2024-09-27 01:05:42+00:00,Square
Chunky Blend Chalk - 1.5oz,4.46,0.37,0.49,Midnight Lightning Chunky Blend Chalk,4.83,2024-09-27,Retail,,,False,False,2024-09-27 01:05:42+00:00,Square
RV 11/12.5,152.1,12.55,16.9,SoiLL Stay Climbing Shoe,164.65,2024-09-27,Retail,,,False,False,2024-09-27 00:20:51+00:00,Square
Orange Mango,2.5,0.21,0.0,BodyArmor 20 oz,2.71,2024-09-26,Retail,,,False,False,2024-09-26 22:26:11+00:00,Square
CAPITAN: Day Pass (Adult 14 and Up),20.0,1.65,0.0,CAPITAN: Day Pass (Adult 14 and Up),21.65,2024-09-26,Day Pass,,,False,False,2024-09-26 20:06:45+00:00,Square
S/M (turquoise),69.95,5.77,0.0,Petzl Corax Climbing Harness,75.72,2024-09-26,Retail,,,False,False,2024-09-26 20:06:45+00:00,Square
Regular,1.4,0.12,0.6,Ozarka Water Bottle 16.9oz,1.52,2024-09-26,Retail,,,False,False,2024-09-26 17:28:55+00:00,Square
CAPITAN: Non-Participant/Spectator Day Pass,5.0,0.41,0.0,CAPITAN: Non-Participant/Spectator Day Pass,5.41,2024-09-26,Day Pass,,,False,False,2024-09-26 16:51:54+00:00,Square
CAPITAN: Youth Day Pass with Gear (Under 14 y/o),20.0,1.65,0.0,CAPITAN: Youth Day Pass with Gear (Under 14 y/o),21.65,2024-09-26,Day Pass,,,False,False,2024-09-26 16:51:54+00:00,Square
2.5 oz,9.99,0.82,0.0,Friction Labs Unicorn Dust,10.81,2024-09-26,Retail,,,False,False,2024-09-26 11:20:30+00:00,Square
Orange,20.95,1.73,0.0,Gnaly Dood Smith Rock Chalk Bag,22.68,2024-09-26,Retail,,,False,False,2024-09-26 00:27:15+00:00,Square
EU 39.5/US 7/8 (red plum),99.0,8.16,0.0,La Sportiva Womens Tarantula Climbing Shoes,107.16,2024-09-26,Retail,,,False,False,2024-09-26 00:27:15+00:00,Square
Regular,8.95,0.74,0.0,Midnight Lightning Chalktopus,9.69,2024-09-26,Retail,,,False,False,2024-09-26 00:27:15+00:00,Square
Chunky Blend Chalk - 1.5oz,4.95,0.41,0.0,Midnight Lightning Chunky Blend Chalk,5.36,2024-09-26,Retail,,,False,False,2024-09-26 00:27:15+00:00,Square
Regular,1.4,0.12,0.6,Ozarka Water Bottle 16.9oz,1.52,2024-09-25,Retail,,,False,False,2024-09-25 23:18:11+00:00,Square
Regular,8.0,0.66,0.0,SoiLL Boar Hair Brush 3.0,8.66,2024-09-25,Retail,,,False,False,2024-09-25 21:32:23+00:00,Square
Chunky Blend Chalk - 1.5oz,3.47,0.29,1.48,Midnight Lightning Chunky Blend Chalk,3.76,2024-09-25,Retail,,,False,False,2024-09-25 21:19:00+00:00,Square
Regular,5.49,0.45,0.0,Joshua Tree Mountain Mint SPF 15 Organic Lip Balm,5.94,2024-09-25,Retail,,,False,False,2024-09-25 18:26:18+00:00,Square
CAPITAN: Gear Upgrade,6.0,0.5,0.0,CAPITAN: Gear Upgrade,6.5,2024-09-25,Day Pass,,,False,False,2024-09-25 00:52:51+00:00,Square
Chunky Blend Chalk - 1.5oz,4.95,0.41,0.0,Midnight Lightning Chunky Blend Chalk,5.36,2024-09-25,Retail,,,False,False,2024-09-25 00:23:02+00:00,Square
CAPITAN: Non-Participant/Spectator Day Pass,5.0,0.41,0.0,CAPITAN: Non-Participant/Spectator Day Pass,5.41,2024-09-24,Day Pass,,,False,False,2024-09-24 23:54:30+00:00,Square
CAPITAN: Youth Day Pass with Gear (Under 14 y/o),20.0,1.65,0.0,CAPITAN: Youth Day Pass with Gear (Under 14 y/o),21.65,2024-09-24,Day Pass,,,False,False,2024-09-24 23:54:30+00:00,Square
Large,25.0,2.06,0.0,Organic Chalk Bag,27.06,2024-09-24,Retail,,,False,False,2024-09-24 23:33:55+00:00,Square
6 oz Competition Quality Chalk Bag,14.99,1.24,0.0,Primo Chalk,16.23,2024-09-24,Retail,,,False,False,2024-09-24 23:33:55+00:00,Square
Orange Mango,2.5,0.21,0.0,BodyArmor 20 oz,2.71,2024-09-24,Retail,,,False,False,2024-09-24 22:51:15+00:00,Square
CAPITAN: Non-Participant/Spectator Day Pass,5.0,1.24,0.0,CAPITAN: Non-Participant/Spectator Day Pass,16.24,2024-09-24,Day Pass,,,False,False,2024-09-24 22:05:26+00:00,Square
CAPITAN: Youth Day Pass with Gear (Under 14 y/o),20.0,1.65,0.0,CAPITAN: Youth Day Pass with Gear (Under 14 y/o),21.65,2024-09-24,Day Pass,,,False,False,2024-09-24 22:05:26+00:00,Square
CAPITAN: Day Pass (Adult 14 and Up),20.0,1.65,0.0,CAPITAN: Day Pass (Adult 14 and Up),21.65,2024-09-24,Day Pass,,,False,False,2024-09-24 20:32:24+00:00,Square
CAPITAN: Day Pass with Gear (Adult 14 and Up),26.0,2.15,0.0,CAPITAN: Day Pass with Gear (Adult 14 and Up),28.15,2024-09-24,Day Pass,,,False,False,2024-09-24 20:32:24+00:00,Square
Chocolate Chip,2.5,0.2,0.0,Chocolate Chip Energy Bar,2.7,2024-09-24,Retail,,,False,False,2024-09-24 18:22:28+00:00,Square
Raspberries and Lemons,2.99,0.25,0.0,Skratch Labs Anytime Energy Bar,3.24,2024-09-24,Retail,,,False,False,2024-09-24 18:22:28+00:00,Square
JTree Mini Climber Salve,8.99,0.74,0.0,Joshua Tree Organic Climbing Salve,9.73,2024-09-24,Retail,,,False,False,2024-09-24 17:25:24+00:00,Square
Regular,2.75,0.23,0.0,Red Bull Energy Drink 8.4 oz,2.98,2024-09-24,Retail,,,False,False,2024-09-24 17:24:04+00:00,Square
Strawberry Banana,1.5,0.12,0.0,BodyArmor 20 oz,1.62,2024-09-24,Retail,,,False,False,2024-09-24 13:37:15+00:00,Square
3-Pack Multi One Size,7.95,0.66,0.0,So Ill Holds Strength Trainer,8.61,2024-09-24,Retail,,,False,False,2024-09-24 00:02:22+00:00,Square
CAPITAN: Day Pass (Adult 14 and Up),20.0,1.65,0.0,CAPITAN: Day Pass (Adult 14 and Up),21.65,2024-09-23,Day Pass,,,False,False,2024-09-23 20:54:43+00:00,Square
CAPITAN: Day Pass with Gear (Adult 14 and Up),26.0,2.14,0.0,CAPITAN: Day Pass with Gear (Adult 14 and Up),28.14,2024-09-23,Day Pass,,,False,False,2024-09-23 20:53:40+00:00,Square
Vegan Chocolate,36.95,3.05,0.0,Skratch Labs Recovery- Sport Drink Mix,40.0,2024-09-23,Retail,,,False,False,2024-09-23 20:23:34+00:00,Square
CAPITAN: Youth Day Pass with Gear (Under 14 y/o),20.0,3.3,0.0,CAPITAN: Youth Day Pass with Gear (Under 14 y/o),43.3,2024-09-23,Day Pass,,,False,False,2024-09-23 20:08:52+00:00,Square
GF 1 oz (Pack of 20)20,1.6,0.13,0.69,"Primal Beef Stick,Spicy",1.73,2024-09-23,Retail,,,False,False,2024-09-23 19:49:22+00:00,Square
CAPITAN: Day Pass (Adult 14 and Up),20.0,1.65,0.0,CAPITAN: Day Pass (Adult 14 and Up),21.65,2024-09-23,Day Pass,,,False,False,2024-09-23 19:07:25+00:00,Square
CAPITAN: Youth Day Pass with Gear (Under 14 y/o),20.0,3.3,0.0,CAPITAN: Youth Day Pass with Gear (Under 14 y/o),43.3,2024-09-23,Day Pass,,,False,False,2024-09-23 19:07:25+00:00,Square
11,82.57,6.81,35.38,UNPARALLEL UP-MOCC,89.38,2024-09-23,Retail,,,False,False,2024-09-23 19:06:58+00:00,Square
CAPITAN: Youth Day Pass with Gear (Under 14 y/o),20.0,3.3,0.0,CAPITAN: Youth Day Pass with Gear (Under 14 y/o),43.3,2024-09-23,Day Pass,,,False,False,2024-09-23 18:42:01+00:00,Square
CAPITAN: Day Pass (Adult 14 and Up),20.0,1.65,0.0,CAPITAN: Day Pass (Adult 14 and Up),21.65,2024-09-23,Day Pass,,,False,False,2024-09-23 17:12:20+00:00,Square
CAPITAN: Youth Day Pass with Gear (Under 14 y/o),20.0,3.3,0.0,CAPITAN: Youth Day Pass with Gear (Under 14 y/o),43.3,2024-09-23,Day Pass,,,False,False,2024-09-23 17:12:20+00:00,Square
Twist-Lock (B01MYQ8JNU),15.37,1.27,6.58,Petzl SM'D Twist-Lock Carabiner (orange/red),16.64,2024-09-23,Retail,,,False,False,2024-09-23 11:59:54+00:00,Square
Regular,76.97,6.35,32.98,Petzl Grigri Belay Device (gray),83.32,2024-09-23,Retail,,,False,False,2024-09-23 11:55:21+00:00,Square
One Size,8.95,0.74,0.0,Metolius Climbing Tape Roll White,9.69,2024-09-23,Retail,,,False,False,2024-09-23 11:51:43+00:00,Square
JTree Mini Climber Salve,8.99,0.74,0.0,Joshua Tree Organic Climbing Salve,9.73,2024-09-23,Retail,,,False,False,2024-09-23 10:42:16+00:00,Square
Regular,2.27,0.19,0.98,Fairlife Protein Shake Chocolate 11.5fl oz,2.46,2024-09-22,Retail,,,False,False,2024-09-22 22:52:48+00:00,Square
Peanut Butter & Chocolate,2.1,0.17,0.89,Skratch Labs Anytime Energy Bar,2.27,2024-09-22,Retail,,,False,False,2024-09-22 22:52:48+00:00,Square
"Whole30 Approved, Certified Paleo, Keto-Friendly, and Gluten-Free Meat Snack with 6g of Protein",1.6,0.13,0.69,The New Primal Classic Beef Stick - 1 oz Meat Stick - 100% Grass-Fed Beef Snack,1.73,2024-09-22,Retail,,,False,False,2024-09-22 22:52:48+00:00,Square
CAPITAN: Grand Opening Weekend,10.0,0.82,0.0,CAPITAN: Grand Opening Weekend,10.82,2024-09-22,Day Pass,,,False,False,2024-09-22 22:48:22+00:00,Square
CAPITAN: Grand Opening Weekend,10.0,1.65,0.0,CAPITAN: Grand Opening Weekend,21.65,2024-09-22,Day Pass,,,False,False,2024-09-22 22:42:14+00:00,Square
CAPITAN: Grand Opening Weekend,10.0,0.82,0.0,CAPITAN: Grand Opening Weekend,10.82,2024-09-22,Day Pass,,,False,False,2024-09-22 22:10:29+00:00,Square
Regular,1.9300000000000002,0.16,0.82,Red Bull Energy Drink 8.4 oz,2.09,2024-09-22,Retail,,,False,False,2024-09-22 21:58:27+00:00,Square
"Kosher (2.4-Ounce Protein Bars, 1 Count)",2.09,0.17,0.0,CLIF Bar - Energy Bar - Blueberry Crisp,2.26,2024-09-22,Retail,,,False,False,2024-09-22 20:58:23+00:00,Square
"Kosher (2.4 Ounce Protein Bar, 1 Count) Packaging May Vary",2.09,0.18,0.0,CLIF Bar - Energy Bar - Peanut Butter Banana with Dark Chocolate - Made with Organic Oats - Plant Based Food - Vegetarian,2.27,2024-09-22,Retail,,,False,False,2024-09-22 20:58:23+00:00,Square
Chocolate Chip,2.09,0.17,0.0,Chocolate Chip Energy Bar,2.26,2024-09-22,Retail,,,False,False,2024-09-22 20:58:23+00:00,Square
CAPITAN: Grand Opening Weekend,10.0,2.48,0.0,CAPITAN: Grand Opening Weekend,32.48,2024-09-22,Day Pass,,,False,False,2024-09-22 20:46:50+00:00,Square
CAPITAN: Grand Opening Weekend,10.0,0.82,0.0,CAPITAN: Grand Opening Weekend,10.82,2024-09-22,Day Pass,,,False,False,2024-09-22 20:44:50+00:00,Square
Orange,1.5,0.12,0.0,Gatorade Thirst Quencher Sports Drink 20oz,1.62,2024-09-22,Retail,,,False,False,2024-09-22 20:40:44+00:00,Square
CAPITAN: Grand Opening Weekend,10.0,0.82,0.0,CAPITAN: Grand Opening Weekend,10.82,2024-09-22,Day Pass,,,False,False,2024-09-22 20:35:51+00:00,Square
CAPITAN: Grand Opening Weekend,10.0,0.82,0.0,CAPITAN: Grand Opening Weekend,10.82,2024-09-22,Day Pass,,,False,False,2024-09-22 20:35:12+00:00,Square
CAPITAN: Grand Opening Weekend,10.0,2.48,0.0,CAPITAN: Grand Opening Weekend,32.48,2024-09-22,Day Pass,,,False,False,2024-09-22 20:34:43+00:00,Square
CAPITAN: Grand Opening Weekend,10.0,0.82,0.0,CAPITAN: Grand Opening Weekend,10.82,2024-09-22,Day Pass,,,False,False,2024-09-22 20:34:15+00:00,Square
CAPITAN: Grand Opening Weekend,10.0,0.82,0.0,CAPITAN: Grand Opening Weekend,10.82,2024-09-22,Day Pass,,,False,False,2024-09-22 20:33:37+00:00,Square
CAPITAN: Grand Opening Weekend,10.0,2.48,0.0,CAPITAN: Grand Opening Weekend,32.48,2024-09-22,Day Pass,,,False,False,2024-09-22 20:21:04+00:00,Square
CAPITAN: Grand Opening Weekend,10.0,0.82,0.0,CAPITAN: Grand Opening Weekend,10.82,2024-09-22,Day Pass,,,False,False,2024-09-22 20:20:01+00:00,Square
CAPITAN: Grand Opening Weekend,10.0,2.48,0.0,CAPITAN: Grand Opening Weekend,32.48,2024-09-22,Day Pass,,,False,False,2024-09-22 19:56:16+00:00,Square
CAPITAN: Grand Opening Weekend,10.0,1.65,0.0,CAPITAN: Grand Opening Weekend,21.65,2024-09-22,Day Pass,,,False,False,2024-09-22 19:44:44+00:00,Square
CAPITAN: Grand Opening Weekend,10.0,0.82,0.0,CAPITAN: Grand Opening Weekend,10.82,2024-09-22,Day Pass,,,False,False,2024-09-22 19:44:04+00:00,Square
CAPITAN: Grand Opening Weekend,10.0,0.82,0.0,CAPITAN: Grand Opening Weekend,10.82,2024-09-22,Day Pass,,,False,False,2024-09-22 19:43:08+00:00,Square
CAPITAN: Grand Opening Weekend,10.0,2.48,0.0,CAPITAN: Grand Opening Weekend,32.48,2024-09-22,Day Pass,,,False,False,2024-09-22 19:42:25+00:00,Square
CAPITAN: Grand Opening Weekend,10.0,2.48,0.0,CAPITAN: Grand Opening Weekend,32.48,2024-09-22,Day Pass,,,False,False,2024-09-22 19:38:25+00:00,Square
Chocolate Chip,1.39,0.23,0.0,Chocolate Chip Organic Baked Whole Grain Energy Snack Bar,3.01,2024-09-22,Retail,,,False,False,2024-09-22 19:37:16+00:00,Square
CAPITAN: Grand Opening Weekend,10.0,1.65,0.0,CAPITAN: Grand Opening Weekend,21.65,2024-09-22,Day Pass,,,False,False,2024-09-22 19:35:22+00:00,Square
CAPITAN: Grand Opening Weekend,10.0,0.82,0.0,CAPITAN: Grand Opening Weekend,10.82,2024-09-22,Day Pass,,,False,False,2024-09-22 19:33:02+00:00,Square
CAPITAN: Grand Opening Weekend,10.0,0.82,0.0,CAPITAN: Grand Opening Weekend,10.82,2024-09-22,Day Pass,,,False,False,2024-09-22 19:32:27+00:00,Square
CAPITAN: Grand Opening Weekend,10.0,0.82,0.0,CAPITAN: Grand Opening Weekend,10.82,2024-09-22,Day Pass,,,False,False,2024-09-22 19:31:49+00:00,Square
CAPITAN: Grand Opening Weekend,10.0,0.82,0.0,CAPITAN: Grand Opening Weekend,10.82,2024-09-22,Day Pass,,,False,False,2024-09-22 19:30:53+00:00,Square
CAPITAN: Grand Opening Weekend,10.0,0.82,0.0,CAPITAN: Grand Opening Weekend,10.82,2024-09-22,Day Pass,,,False,False,2024-09-22 19:30:18+00:00,Square
CAPITAN: Grand Opening Weekend,10.0,0.82,0.0,CAPITAN: Grand Opening Weekend,10.82,2024-09-22,Day Pass,,,False,False,2024-09-22 19:29:45+00:00,Square
CAPITAN: Grand Opening Weekend,10.0,0.82,0.0,CAPITAN: Grand Opening Weekend,10.82,2024-09-22,Day Pass,,,False,False,2024-09-22 19:28:56+00:00,Square
CAPITAN: Grand Opening Weekend,10.0,0.82,0.0,CAPITAN: Grand Opening Weekend,10.82,2024-09-22,Day Pass,,,False,False,2024-09-22 19:28:18+00:00,Square
CAPITAN: Grand Opening Weekend,10.0,0.82,0.0,CAPITAN: Grand Opening Weekend,10.82,2024-09-22,Day Pass,,,False,False,2024-09-22 19:26:57+00:00,Square
CAPITAN: Grand Opening Weekend,10.0,3.3,0.0,CAPITAN: Grand Opening Weekend,43.3,2024-09-22,Day Pass,,,False,False,2024-09-22 19:14:49+00:00,Square
CAPITAN: Grand Opening Weekend,10.0,1.65,0.0,CAPITAN: Grand Opening Weekend,21.65,2024-09-22,Day Pass,,,False,False,2024-09-22 19:13:16+00:00,Square
CAPITAN: Grand Opening Weekend,10.0,0.82,0.0,CAPITAN: Grand Opening Weekend,10.82,2024-09-22,Day Pass,,,False,False,2024-09-22 19:11:48+00:00,Square
CAPITAN: Grand Opening Weekend,10.0,0.82,0.0,CAPITAN: Grand Opening Weekend,10.82,2024-09-22,Day Pass,,,False,False,2024-09-22 19:10:48+00:00,Square
CAPITAN: Grand Opening Weekend,10.0,2.48,0.0,CAPITAN: Grand Opening Weekend,32.48,2024-09-22,Day Pass,,,False,False,2024-09-22 19:09:44+00:00,Square
CAPITAN: Grand Opening Weekend,10.0,1.65,0.0,CAPITAN: Grand Opening Weekend,21.65,2024-09-22,Day Pass,,,False,False,2024-09-22 19:08:24+00:00,Square
CAPITAN: Grand Opening Weekend,10.0,0.82,0.0,CAPITAN: Grand Opening Weekend,10.82,2024-09-22,Day Pass,,,False,False,2024-09-22 19:07:10+00:00,Square
CAPITAN: Grand Opening Weekend,10.0,0.82,0.0,CAPITAN: Grand Opening Weekend,10.82,2024-09-22,Day Pass,,,False,False,2024-09-22 19:05:56+00:00,Square
CAPITAN: Grand Opening Weekend,10.0,0.82,0.0,CAPITAN: Grand Opening Weekend,10.82,2024-09-22,Day Pass,,,False,False,2024-09-22 19:01:46+00:00,Square
CAPITAN: Grand Opening Weekend,10.0,0.82,0.0,CAPITAN: Grand Opening Weekend,10.82,2024-09-22,Day Pass,,,False,False,2024-09-22 19:00:41+00:00,Square
CAPITAN: Grand Opening Weekend,10.0,0.82,0.0,CAPITAN: Grand Opening Weekend,10.82,2024-09-22,Day Pass,,,False,False,2024-09-22 18:59:39+00:00,Square
CAPITAN: Grand Opening Weekend,10.0,0.82,0.0,CAPITAN: Grand Opening Weekend,10.82,2024-09-22,Day Pass,,,False,False,2024-09-22 18:58:47+00:00,Square
Regular,22.95,1.89,0.0,Petzl Am'd Triact-Lock Carabiner (gray/orange),24.84,2024-09-22,Retail,,,False,False,2024-09-22 02:45:16+00:00,Square
Gibson,27.959999999999997,2.3,4.94,8bplus Character Chalk Bag,30.26,2024-09-22,Retail,,,False,False,2024-09-22 02:31:33+00:00,Square
Regular,7.609999999999999,0.63,1.34,Midnight Lightning Chalktopus,8.24,2024-09-22,Retail,,,False,False,2024-09-22 02:31:33+00:00,Square
Regular,2.75,0.23,0.0,Red Bull Energy Drink 8.4 oz,2.98,2024-09-22,Retail,,,False,False,2024-09-22 02:26:14+00:00,Square
Orange Mango,1.05,0.08,0.45,BodyArmor 20 oz,1.13,2024-09-22,Retail,,,False,False,2024-09-22 01:53:00+00:00,Square
Fruit Punch,1.05,0.09,0.45,Gatorade Thirst Quencher Sports Drink 20oz,1.14,2024-09-22,Retail,,,False,False,2024-09-22 01:53:00+00:00,Square
CAPITAN: Day Pass with Gear (Adult 14 and Up),26.0,2.14,0.0,CAPITAN: Day Pass with Gear (Adult 14 and Up),28.14,2024-09-22,Day Pass,,,False,False,2024-09-22 01:21:10+00:00,Square
CAPITAN: Youth Day Pass with Gear (Under 14 y/o),20.0,1.65,0.0,CAPITAN: Youth Day Pass with Gear (Under 14 y/o),21.65,2024-09-22,Day Pass,,,False,False,2024-09-22 01:11:37+00:00,Square
Fruit Punch,1.5,0.12,0.0,Gatorade Thirst Quencher Sports Drink 20oz,1.62,2024-09-22,Retail,,,False,False,2024-09-22 01:05:55+00:00,Square
Regular,2.75,0.46,0.0,Red Bull Energy Drink 8.4 oz,5.96,2024-09-22,Retail,,,False,False,2024-09-22 01:05:55+00:00,Square
M/L (turquoise),69.95,5.77,0.0,Petzl Corax Climbing Harness,75.72,2024-09-22,Retail,,,False,False,2024-09-22 00:26:44+00:00,Square
(1.2 oz)54,1.39,0.23,0.0,CLIF Kid Zbar - Organic Energy Bar - Chocolate Brownie,3.01,2024-09-21,Retail,,,False,False,2024-09-21 23:32:13+00:00,Square
"Whole30 Approved, Certified Paleo, Keto-Friendly, and Gluten-Free Meat Snack with 6g of Protein",2.29,0.19,0.0,The New Primal Classic Beef Stick - 1 oz Meat Stick - 100% Grass-Fed Beef Snack,2.48,2024-09-21,Retail,,,False,False,2024-09-21 23:32:13+00:00,Square
Chunky Blend Chalk - 1.5oz,4.95,0.41,0.0,Midnight Lightning Chunky Blend Chalk,5.36,2024-09-21,Retail,,,False,False,2024-09-21 23:04:10+00:00,Square
CAPITAN: Youth Day Pass with Gear (Under 14 y/o),8.0,5.61,12.0,CAPITAN: Youth Day Pass with Gear (Under 14 y/o),73.61,2024-09-21,Day Pass,,,False,False,2024-09-21 23:03:46+00:00,Square
Regular,1.5,0.12,0.0,Ozarka Water Bottle 16.9oz,1.62,2024-09-21,Retail,,,False,False,2024-09-21 23:00:20+00:00,Square
Regular,2.75,0.23,0.0,Red Bull Energy Drink 8.4 oz,2.98,2024-09-21,Retail,,,False,False,2024-09-21 23:00:20+00:00,Square
Regular,8.95,0.74,0.0,Metolius Finger Tape 1/2 Roll lime green,9.69,2024-09-21,Retail,,,False,False,2024-09-21 22:29:24+00:00,Square
Fruit Punch,1.5,0.12,0.0,Gatorade Thirst Quencher Sports Drink 20oz,1.62,2024-09-21,Retail,,,False,False,2024-09-21 22:17:34+00:00,Square
Regular,3.25,0.27,0.0,Fairlife Protein Shake Chocolate 11.5fl oz,3.52,2024-09-21,Retail,,,False,False,2024-09-21 22:08:43+00:00,Square
Fruit Punch,1.5,0.12,0.0,Gatorade Thirst Quencher Sports Drink 20oz,1.62,2024-09-21,Retail,,,False,False,2024-09-21 22:04:45+00:00,Square
Orange,1.5,0.13,0.0,Gatorade Thirst Quencher Sports Drink 20oz,1.63,2024-09-21,Retail,,,False,False,2024-09-21 22:04:45+00:00,Square
Regular,1.9300000000000002,0.16,0.82,Red Bull Energy Drink 8.4 oz,2.09,2024-09-21,Retail,,,False,False,2024-09-21 22:02:46+00:00,Square
Orange Mango,1.5,0.12,0.0,BodyArmor 20 oz,1.62,2024-09-21,Retail,,,False,False,2024-09-21 21:43:00+00:00,Square
CAPITAN: Day Pass (Adult 14 and Up),20.0,1.65,0.0,CAPITAN: Day Pass (Adult 14 and Up),21.65,2024-09-21,Day Pass,,,False,False,2024-09-21 21:38:29+00:00,Square
CAPITAN: Youth Day Pass with Gear (Under 14 y/o),20.0,1.65,0.0,CAPITAN: Youth Day Pass with Gear (Under 14 y/o),21.65,2024-09-21,Day Pass,,,False,False,2024-09-21 21:38:29+00:00,Square
Regular,1.9300000000000002,0.16,0.82,Red Bull Energy Drink 8.4 oz,2.09,2024-09-21,Retail,,,False,False,2024-09-21 21:25:55+00:00,Square
2.5 oz,9.99,0.82,0.0,Friction Labs Unicorn Dust,10.81,2024-09-21,Retail,,,False,False,2024-09-21 21:22:18+00:00,Square
Unisex Adult,11.95,0.99,0.0,Petzl Spirit Carabiner Bent (grey),12.94,2024-09-21,Retail,,,False,False,2024-09-21 21:05:24+00:00,Square
CAPITAN: Day Pass with Gear (Adult 14 and Up),26.0,2.15,0.0,CAPITAN: Day Pass with Gear (Adult 14 and Up),28.15,2024-09-21,Day Pass,,,False,False,2024-09-21 20:45:09+00:00,Square
CAPITAN: Youth Day Pass with Gear (Under 14 y/o),20.0,1.65,0.0,CAPITAN: Youth Day Pass with Gear (Under 14 y/o),21.65,2024-09-21,Day Pass,,,False,False,2024-09-21 20:45:09+00:00,Square
Regular,8.0,0.66,0.0,SoiLL Boar Hair Brush 3.0,8.66,2024-09-21,Retail,,,False,False,2024-09-21 20:40:13+00:00,Square
Regular,1.2,0.1,0.0,Bites Strawberry 1.3 oz by Bobos Oat Bars,1.3,2024-09-21,Retail,,,False,False,2024-09-21 20:36:34+00:00,Square
Regular,3.25,0.27,0.0,Fairlife Protein Shake Chocolate 11.5fl oz,3.52,2024-09-21,Retail,,,False,False,2024-09-21 20:36:34+00:00,Square
Orange,1.5,0.12,0.0,Gatorade Thirst Quencher Sports Drink 20oz,1.62,2024-09-21,Retail,,,False,False,2024-09-21 20:28:23+00:00,Square
CAPITAN: Top Rope Belay Class - 1-hour Belay Class,10.0,0.83,0.0,CAPITAN: Top Rope Belay Class - 1-hour Belay Class,10.83,2024-09-21,Day Pass,,,False,False,2024-09-21 19:35:17+00:00,Square
Chocolate Chip,1.39,0.11,0.0,Chocolate Chip Organic Baked Whole Grain Energy Snack Bar,1.5,2024-09-21,Retail,,,False,False,2024-09-21 19:35:17+00:00,Square
Regular,3.25,0.27,0.0,Fairlife Protein Shake Chocolate 11.5fl oz,3.52,2024-09-21,Retail,,,False,False,2024-09-21 19:35:17+00:00,Square
CAPITAN: Top Rope Belay Class - 1-hour Belay Class,10.0,0.83,0.0,CAPITAN: Top Rope Belay Class - 1-hour Belay Class,10.83,2024-09-21,Day Pass,,,False,False,2024-09-21 19:33:42+00:00,Square
JTree Mini Climber Salve,8.99,0.74,0.0,Joshua Tree Organic Climbing Salve,9.73,2024-09-21,Retail,,,False,False,2024-09-21 19:33:42+00:00,Square
Regular,8.95,0.74,0.0,Metolius Finger Tape 1/2 Roll lime green,9.69,2024-09-21,Retail,,,False,False,2024-09-21 19:33:42+00:00,Square
Glacier Cherry,1.5,0.12,0.0,Gatorade Zero Sugar Thirst Quencher 20oz,1.62,2024-09-21,Retail,,,False,False,2024-09-21 19:25:18+00:00,Square
Regular,1.5,0.13,0.0,Ozarka Water Bottle 16.9oz,1.63,2024-09-21,Retail,,,False,False,2024-09-21 19:25:18+00:00,Square
CAPITAN: Day Pass with Gear (Adult 14 and Up),26.0,2.15,0.0,CAPITAN: Day Pass with Gear (Adult 14 and Up),28.15,2024-09-21,Day Pass,,,False,False,2024-09-21 19:13:24+00:00,Square
CAPITAN: Youth Day Pass with Gear (Under 14 y/o),20.0,1.65,0.0,CAPITAN: Youth Day Pass with Gear (Under 14 y/o),21.65,2024-09-21,Day Pass,,,False,False,2024-09-21 19:13:24+00:00,Square
CAPITAN: Day Pass with Gear (Adult 14 and Up),26.0,4.29,0.0,CAPITAN: Day Pass with Gear (Adult 14 and Up),56.29,2024-09-21,Day Pass,,,False,False,2024-09-21 18:57:48+00:00,Square
CAPITAN: Youth Day Pass with Gear (Under 14 y/o),20.0,1.65,0.0,CAPITAN: Youth Day Pass with Gear (Under 14 y/o),21.65,2024-09-21,Day Pass,,,False,False,2024-09-21 18:57:48+00:00,Square
Regular,1.9300000000000002,0.16,0.82,Red Bull Energy Drink 8.4 oz,2.09,2024-09-21,Retail,,,False,False,2024-09-21 18:57:00+00:00,Square
Lemon Lime,1.5,0.12,0.0,Gatorade Thirst Quencher Sports Drink 20oz,1.62,2024-09-21,Retail,,,False,False,2024-09-21 18:38:16+00:00,Square
Lemon Lime,1.5,0.12,0.0,Gatorade Thirst Quencher Sports Drink 20oz,1.62,2024-09-21,Retail,,,False,False,2024-09-21 18:36:46+00:00,Square
GF 1 oz (Pack of 20)20,1.6,0.13,0.69,"Primal Beef Stick,Spicy",1.73,2024-09-21,Retail,,,False,False,2024-09-21 18:21:03+00:00,Square
"Kosher (2.4-Ounce Protein Bars, 1 Count)",1.7799999999999998,0.15,0.31,CLIF Bar - Energy Bar - Blueberry Crisp,1.93,2024-09-21,Retail,,,False,False,2024-09-21 18:17:13+00:00,Square
"Kosher (2.4 Ounce Protein Bar, 1 Count) Packaging May Vary",1.7799999999999998,0.15,0.31,CLIF Bar - Energy Bar - Peanut Butter Banana with Dark Chocolate - Made with Organic Oats - Plant Based Food - Vegetarian,1.93,2024-09-21,Retail,,,False,False,2024-09-21 18:17:13+00:00,Square
Box of 16,1.6700000000000002,0.33,0.72,Untapped Organic Maple Raspberry Waffle - Individually Wrapped,4.39,2024-09-21,Retail,,,False,False,2024-09-21 18:17:13+00:00,Square
Chocolate Chip,1.39,0.11,0.0,Chocolate Chip Organic Baked Whole Grain Energy Snack Bar,1.5,2024-09-21,Retail,,,False,False,2024-09-21 18:15:48+00:00,Square
Orange,1.5,0.12,0.0,Gatorade Thirst Quencher Sports Drink 20oz,1.62,2024-09-21,Retail,,,False,False,2024-09-21 18:15:48+00:00,Square
Regular,1.5,0.13,0.0,Ozarka Water Bottle 16.9oz,1.63,2024-09-21,Retail,,,False,False,2024-09-21 18:15:48+00:00,Square
Chocolate Chip,1.46,0.12,0.63,Chocolate Chip Energy Bar,1.58,2024-09-21,Retail,,,False,False,2024-09-21 16:41:39+00:00,Square
Regular,1.05,0.09,0.45,Ozarka Water Bottle 16.9oz,1.14,2024-09-21,Retail,,,False,False,2024-09-21 16:41:39+00:00,Square
Regular,1.9300000000000002,0.16,0.82,Red Bull Energy Drink 8.4 oz,2.09,2024-09-21,Retail,,,False,False,2024-09-21 16:41:39+00:00,Square
"Whole30 Approved, Certified Paleo, Keto-Friendly, and Gluten-Free Meat Snack with 6g of Protein",1.6,0.13,0.69,The New Primal Classic Beef Stick - 1 oz Meat Stick - 100% Grass-Fed Beef Snack,1.73,2024-09-21,Retail,,,False,False,2024-09-21 16:41:39+00:00,Square
Regular,2.2800000000000002,0.18,0.97,Fairlife Protein Shake Chocolate 11.5fl oz,2.46,2024-09-21,Retail,,,False,False,2024-09-21 16:33:16+00:00,Square
Fruit Punch,1.05,0.09,0.45,Gatorade Thirst Quencher Sports Drink 20oz,1.14,2024-09-21,Retail,,,False,False,2024-09-21 16:33:16+00:00,Square
"Kosher (2.4-Ounce Protein Bars, 1 Count)",1.46,0.12,0.63,CLIF Bar - Energy Bar - Blueberry Crisp,1.58,2024-09-21,Retail,,,False,False,2024-09-21 16:26:17+00:00,Square
GF 1 oz (Pack of 20)20,1.6099999999999999,0.13,0.68,"Primal Beef Stick,Spicy",1.74,2024-09-21,Retail,,,False,False,2024-09-21 16:26:17+00:00,Square
CAPITAN: Day Pass (Adult 14 and Up),20.0,1.65,0.0,CAPITAN: Day Pass (Adult 14 and Up),21.65,2024-09-21,Day Pass,,,False,False,2024-09-21 16:20:13+00:00,Square
CAPITAN: Day Pass (Adult 14 and Up),20.0,1.65,0.0,CAPITAN: Day Pass (Adult 14 and Up),21.65,2024-09-21,Day Pass,,,False,False,2024-09-21 16:17:39+00:00,Square
CAPITAN: Day Pass with Gear (Adult 14 and Up),26.0,2.15,0.0,CAPITAN: Day Pass with Gear (Adult 14 and Up),28.15,2024-09-21,Day Pass,,,False,False,2024-09-21 16:17:39+00:00,Square
CAPITAN: Day Pass (Adult 14 and Up),20.0,1.65,0.0,CAPITAN: Day Pass (Adult 14 and Up),21.65,2024-09-21,Day Pass,,,False,False,2024-09-21 16:14:12+00:00,Square
CAPITAN: Youth Day Pass (Under 14y/o),14.0,1.15,0.0,CAPITAN: Youth Day Pass (Under 14y/o),15.15,2024-09-21,Day Pass,,,False,False,2024-09-21 16:14:12+00:00,Square
CAPITAN: Day Pass (Adult 14 and Up),20.0,3.3,0.0,CAPITAN: Day Pass (Adult 14 and Up),43.3,2024-09-21,Day Pass,,,False,False,2024-09-21 16:12:19+00:00,Square
CAPITAN: Day Pass with Gear (Adult 14 and Up),26.0,2.14,0.0,CAPITAN: Day Pass with Gear (Adult 14 and Up),28.14,2024-09-21,Day Pass,,,False,False,2024-09-21 16:12:19+00:00,Square
CAPITAN: Day Pass with Gear (Adult 14 and Up),26.0,4.29,0.0,CAPITAN: Day Pass with Gear (Adult 14 and Up),56.29,2024-09-21,Day Pass,,,False,False,2024-09-21 16:05:59+00:00,Square
CAPITAN: Day Pass with Gear (Adult 14 and Up),26.0,4.29,0.0,CAPITAN: Day Pass with Gear (Adult 14 and Up),56.29,2024-09-21,Day Pass,,,False,False,2024-09-21 15:56:46+00:00,Square
CAPITAN: Youth Day Pass with Gear (Under 14 y/o),20.0,3.3,0.0,CAPITAN: Youth Day Pass with Gear (Under 14 y/o),43.3,2024-09-21,Day Pass,,,False,False,2024-09-21 15:56:46+00:00,Square
CAPITAN: Youth Day Pass with Gear (Under 14 y/o),20.0,4.95,0.0,CAPITAN: Youth Day Pass with Gear (Under 14 y/o),64.95,2024-09-21,Day Pass,,,False,False,2024-09-21 15:39:28+00:00,Square
Fruit Punch,1.05,0.09,0.45,BodyArmor 20 oz,1.14,2024-09-21,Retail,,,False,False,2024-09-21 15:28:25+00:00,Square
Regular,3.25,0.27,0.0,Fairlife Protein Shake Chocolate 11.5fl oz,3.52,2024-09-21,Retail,,,False,False,2024-09-21 01:40:31+00:00,Square
GF 1 oz (Pack of 20)20,2.29,0.19,0.0,"Primal Beef Stick,Spicy",2.48,2024-09-21,Retail,,,False,False,2024-09-21 01:40:31+00:00,Square
Cherries & Pistachios,2.99,0.24,0.0,Skratch Labs Anytime Energy Bar,3.23,2024-09-21,Retail,,,False,False,2024-09-21 01:40:31+00:00,Square
Regular,1.9300000000000002,0.16,0.82,Red Bull Energy Drink 8.4 oz,2.09,2024-09-21,Retail,,,False,False,2024-09-21 00:39:20+00:00,Square
"Whole30 Approved, Certified Paleo, Keto-Friendly, and Gluten-Free Meat Snack with 6g of Protein",1.6,0.13,0.69,The New Primal Classic Beef Stick - 1 oz Meat Stick - 100% Grass-Fed Beef Snack,1.73,2024-09-21,Retail,,,False,False,2024-09-21 00:39:20+00:00,Square
1.3 Oz,1.2,0.1,0.0,Bobos Oat Bars Apple Pie Oat Bites,1.3,2024-09-21,Retail,,,False,False,2024-09-21 00:38:35+00:00,Square
Lemon Lime,1.5,0.12,0.0,Gatorade Thirst Quencher Sports Drink 20oz,1.62,2024-09-21,Retail,,,False,False,2024-09-21 00:21:44+00:00,Square
CAPITAN: Day Pass with Gear (Adult 14 and Up),26.0,2.15,0.0,CAPITAN: Day Pass with Gear (Adult 14 and Up),28.15,2024-09-21,Day Pass,,,False,False,2024-09-21 00:12:21+00:00,Square
CAPITAN: Youth Day Pass with Gear (Under 14 y/o),20.0,1.65,0.0,CAPITAN: Youth Day Pass with Gear (Under 14 y/o),21.65,2024-09-21,Day Pass,,,False,False,2024-09-21 00:12:21+00:00,Square
Regular,20.65,1.7,2.3,Petzl Am'd Triact-Lock Carabiner (gray/orange),22.35,2024-09-20,Retail,,,False,False,2024-09-20 23:20:33+00:00,Square
(1.2 oz)54,1.39,0.12,0.0,CLIF Kid Zbar - Organic Energy Bar - Chocolate Brownie,1.51,2024-09-20,Retail,,,False,False,2024-09-20 23:03:23+00:00,Square
Chocolate Chip,1.39,0.11,0.0,Chocolate Chip Organic Baked Whole Grain Energy Snack Bar,1.5,2024-09-20,Retail,,,False,False,2024-09-20 23:03:23+00:00,Square
RV 10.5/12,152.1,12.55,16.9,SoiLL Stay Climbing Shoe,164.65,2024-09-20,Retail,,,False,False,2024-09-20 22:38:59+00:00,Square
Blue (B07MLTP3S4),98.95,8.16,11.0,Petzl Grigri Belay Device (blue),107.11,2024-09-20,Retail,,,False,False,2024-09-20 22:30:25+00:00,Square
6 oz Competition Quality Chalk Bag,13.49,1.11,1.5,Primo Chalk,14.6,2024-09-20,Retail,,,False,False,2024-09-20 22:05:28+00:00,Square
Glacier Cherry,1.05,0.09,0.45,Gatorade Zero Sugar Thirst Quencher 20oz,1.14,2024-09-20,Retail,,,False,False,2024-09-20 19:01:24+00:00,Square
Lemon Lime,1.05,0.09,0.45,Gatorade Thirst Quencher Sports Drink 20oz,1.14,2024-09-20,Retail,,,False,False,2024-09-20 18:26:45+00:00,Square
EU 41/US 9.5 (red/blue),159.0,13.12,0.0,La Sportiva Womens Kubo Climbing Shoes,172.12,2024-09-20,Retail,,,False,False,2024-09-20 17:15:52+00:00,Square
RV 11/12.5,161.1,13.29,17.9,SoiLL Torque Climbing Shoe,174.39,2024-09-20,Retail,,,False,False,2024-09-20 01:56:19+00:00,Square
Blue,8.049999999999999,0.66,0.9,"Metolius 1/2"" Tape Roll blue",8.71,2024-09-20,Retail,,,False,False,2024-09-20 01:52:48+00:00,Square
Strawberry Banana,1.5,0.12,0.0,BodyArmor 20 oz,1.62,2024-09-20,Retail,,,False,False,2024-09-20 00:47:40+00:00,Square
Fruit Punch,1.5,0.13,0.0,BodyArmor 20 oz,1.63,2024-09-20,Retail,,,False,False,2024-09-20 00:47:40+00:00,Square
Regular,3.25,0.27,0.0,Fairlife Protein Shake Chocolate 11.5fl oz,3.52,2024-09-20,Retail,,,False,False,2024-09-20 00:47:40+00:00,Square
Lemon Lime,1.5,0.12,0.0,Gatorade Thirst Quencher Sports Drink 20oz,1.62,2024-09-19,Retail,,,False,False,2024-09-19 23:52:48+00:00,Square
Regular,98.96000000000001,8.16,10.99,Petzl Grigri Belay Device (gray),107.12,2024-09-19,Retail,,,False,False,2024-09-19 23:50:02+00:00,Square
Twist-Lock (B01MYQ8JNU),19.75,1.63,2.2,Petzl SM'D Twist-Lock Carabiner (orange/red),21.38,2024-09-19,Retail,,,False,False,2024-09-19 23:50:02+00:00,Square
Regular,1.5699999999999998,0.13,0.68,Vita Coco Coconut Water 11.1oz,1.7,2024-09-19,Retail,,,False,False,2024-09-19 21:23:48+00:00,Square
Eden Green,31.5,2.6,13.5,So Ill Tyvek Rolldown Chalk Bucket,34.1,2024-09-19,Retail,,,False,False,2024-09-19 20:39:20+00:00,Square
Regular,2.75,0.23,0.0,Red Bull Energy Drink 8.4 oz,2.98,2024-09-19,Retail,,,False,False,2024-09-19 01:16:55+00:00,Square
12 oz,29.99,2.47,0.0,Friction Labs Unicorn Dust,32.46,2024-09-19,Retail,,,False,False,2024-09-19 01:06:51+00:00,Square
Regular,22.95,1.89,0.0,Petzl Am'd Triact-Lock Carabiner (gray/orange),24.84,2024-09-19,Retail,,,False,False,2024-09-19 00:28:54+00:00,Square
Red (B07MP53YHV),109.95,9.07,0.0,Petzl Grigri Belay Device (red/orange),119.02,2024-09-19,Retail,,,False,False,2024-09-19 00:28:54+00:00,Square
CAPITAN: Day Pass with Gear (Adult 14 and Up),26.0,6.43,0.0,CAPITAN: Day Pass with Gear (Adult 14 and Up),84.43,2024-09-19,Day Pass,,,False,False,2024-09-19 00:15:59+00:00,Square
CAPITAN: Youth Day Pass with Gear (Under 14 y/o),20.0,4.95,0.0,CAPITAN: Youth Day Pass with Gear (Under 14 y/o),64.95,2024-09-19,Day Pass,,,False,False,2024-09-19 00:15:59+00:00,Square
Flint,29.61,2.44,3.29,8bplus Character Chalk Bag,32.05,2024-09-19,Retail,,,False,False,2024-09-19 00:06:32+00:00,Square
Regular,1.79,0.3,0.0,Honey Stinger Organic Salted Caramel Flavored Waffle,3.88,2024-09-18,Retail,,,False,False,2024-09-18 23:31:14+00:00,Square
1.3 Oz,0.84,0.07,0.36,Bobos Oat Bars Apple Pie Oat Bites,0.91,2024-09-18,Retail,,,False,False,2024-09-18 22:23:10+00:00,Square
Regular,1.9300000000000002,0.16,0.82,Red Bull Energy Drink 8.4 oz,2.09,2024-09-18,Retail,,,False,False,2024-09-18 21:38:32+00:00,Square
Lemon Lime,1.05,0.09,0.45,Gatorade Zero Sugar Thirst Quencher 20oz,1.14,2024-09-18,Retail,,,False,False,2024-09-18 20:32:43+00:00,Square
2.5 oz,9.99,0.82,0.0,Friction Labs Unicorn Dust,10.81,2024-09-17,Retail,,,False,False,2024-09-17 23:35:22+00:00,Square
9,117.95,9.73,0.0,UNPARALLEL UP-MOCC,127.68,2024-09-17,Retail,,,False,False,2024-09-17 23:19:42+00:00,Square
JTree 50mL Climber Salve,18.889999999999997,1.56,2.1,Joshua Tree Organic Climbing Salve,20.45,2024-09-17,Retail,,,False,False,2024-09-17 02:00:18+00:00,Square
CAPITAN: Day Pass (Adult 14 and Up),20.0,3.3,0.0,CAPITAN: Day Pass (Adult 14 and Up),43.3,2024-09-17,Day Pass,,,False,False,2024-09-17 00:09:11+00:00,Square
CAPITAN: Gear Upgrade,6.0,0.5,0.0,CAPITAN: Gear Upgrade,6.5,2024-09-17,Day Pass,,,False,False,2024-09-17 00:09:11+00:00,Square
10,82.57,6.81,35.38,UNPARALLEL UP-MOCC,89.38,2024-09-16,Retail,,,False,False,2024-09-16 23:43:26+00:00,Square
Chocolate Chip,1.46,0.12,0.63,Chocolate Chip Energy Bar,1.58,2024-09-15,Retail,,,False,False,2024-09-15 23:17:16+00:00,Square
Box of 16,1.6800000000000002,0.14,0.71,Untapped Organic Maple Raspberry Waffle - Individually Wrapped,1.82,2024-09-15,Retail,,,False,False,2024-09-15 23:17:16+00:00,Square
(1.2 oz)54,1.39,0.23,0.0,CLIF Kid Zbar - Organic Energy Bar - Chocolate Brownie,3.01,2024-09-14,Retail,,,False,False,2024-09-14 00:40:03+00:00,Square
Regular,1.2,0.1,0.0,Bites Strawberry 1.3 oz by Bobos Oat Bars,1.3,2024-09-13,Retail,,,False,False,2024-09-13 11:02:11+00:00,Square
JTree Mini Climber Salve,8.99,0.74,0.0,Joshua Tree Organic Climbing Salve,9.73,2024-09-13,Retail,,,False,False,2024-09-13 11:02:11+00:00,Square
Regular,8.95,0.74,0.0,Midnight Lightning Chalktopus,9.69,2024-09-13,Retail,,,False,False,2024-09-13 00:00:38+00:00,Square
1lb Bag loose chalk,26.99,2.23,0.0,Primo Chalk,29.22,2024-09-13,Retail,,,False,False,2024-09-13 00:00:38+00:00,Square
Regular,4.99,0.41,0.0,So Ill Holds Finger Massager Black One Size,5.4,2024-09-13,Retail,,,False,False,2024-09-13 00:00:38+00:00,Square
RV 12/13.5,179.0,14.77,0.0,SoiLL Torque Climbing Shoe,193.77,2024-09-12,Retail,,,False,False,2024-09-12 22:15:44+00:00,Square
Regular,8.95,0.74,0.0,Metolius Finger Tape 1/2 Roll lime green,9.69,2024-09-12,Retail,,,False,False,2024-09-12 22:12:28+00:00,Square
Chunky Blend Chalk - 1.5oz,4.95,0.41,0.0,Midnight Lightning Chunky Blend Chalk,5.36,2024-09-12,Retail,,,False,False,2024-09-12 22:07:59+00:00,Square
EU 43/US 10/11 (black/poppy),89.1,7.35,9.9,La Sportiva Men's Tarantula Climbing Shoe,96.45,2024-09-12,Retail,,,False,False,2024-09-12 01:01:50+00:00,Square
M (gray),71.95,5.94,8.0,Petzl Sama Climbing Harness,77.89,2024-09-12,Retail,,,False,False,2024-09-12 01:01:50+00:00,Square
M/L (navy blue),62.95,5.19,7.0,Petzl Corax Climbing Harness,68.14,2024-09-12,Retail,,,False,False,2024-09-12 00:49:54+00:00,Square
Peanut Butter & Chocolate,2.99,0.25,0.0,Skratch Labs Anytime Energy Bar,3.24,2024-09-12,Retail,,,False,False,2024-09-12 00:01:40+00:00,Square
Peanut Butter & Chocolate,2.0900000000000003,0.17,0.9,Skratch Labs Anytime Energy Bar,2.26,2024-09-11,Retail,,,False,False,2024-09-11 23:28:03+00:00,Square
Regular,8.049999999999999,0.66,0.9,Metolius Finger Tape 1/2 Roll lime green,8.71,2024-09-11,Retail,,,False,False,2024-09-11 22:08:04+00:00,Square
Chunky Blend Chalk - 1.5oz,4.45,0.37,0.5,Midnight Lightning Chunky Blend Chalk,4.82,2024-09-11,Retail,,,False,False,2024-09-11 22:05:44+00:00,Square
Regular,0.84,0.07,0.36,Bites Strawberry 1.3 oz by Bobos Oat Bars,0.91,2024-09-10,Retail,,,False,False,2024-09-10 23:47:12+00:00,Square
Chocolate Chip,1.46,0.12,0.63,Chocolate Chip Energy Bar,1.58,2024-09-10,Retail,,,False,False,2024-09-10 23:47:12+00:00,Square
CAPITAN: Day Pass,20.0,3.3,0.0,CAPITAN: Day Pass,43.3,2024-09-10,Day Pass,,,False,False,2024-09-10 23:26:05+00:00,Square
CAPITAN: Gear Upgrade,6.0,0.99,0.0,CAPITAN: Gear Upgrade,12.99,2024-09-10,Day Pass,,,False,False,2024-09-10 23:26:05+00:00,Square
Regular,2.29,0.19,0.0,Cilantro Lime Turkey Stick,2.48,2024-09-10,Retail,,,False,False,2024-09-10 22:37:11+00:00,Square
Regular,1.25,0.1,0.54,Honey Stinger Cookies and Creme Waffle,1.35,2024-09-10,Retail,,,False,False,2024-09-10 10:54:53+00:00,Square
M (gray),71.95,5.94,8.0,Petzl Sama Climbing Harness,77.89,2024-09-10,Retail,,,False,False,2024-09-10 01:28:54+00:00,Square
Blue,8.95,0.74,0.0,"Metolius 1/2"" Tape Roll blue",9.69,2024-09-09,Retail,,,False,False,2024-09-09 22:18:29+00:00,Square
M/L (navy blue),69.95,5.77,0.0,Petzl Corax Climbing Harness,75.72,2024-09-08,Retail,,,False,False,2024-09-08 22:56:05+00:00,Square
Chocolate Chip,1.46,0.12,0.63,Chocolate Chip Energy Bar,1.58,2024-09-08,Retail,,,False,False,2024-09-08 22:22:24+00:00,Square
Chunky Blend Chalk - 1.5oz,4.45,0.37,0.5,Midnight Lightning Chunky Blend Chalk,4.82,2024-08-28,Retail,,,False,False,2024-08-28 00:35:11+00:00,Square
Chocolate Chip,1.39,0.11,0.0,Chocolate Chip Organic Baked Whole Grain Energy Snack Bar,1.5,2024-08-27,Retail,,,False,False,2024-08-27 22:36:03+00:00,Square
EU 45.5/US 12 (goji/neon),111.3,9.18,47.7,La Sportiva Mens Kubo Climbing Shoes,120.48,2024-08-27,Retail,,,False,False,2024-08-27 11:39:44+00:00,Square
Regular,1.6,0.13,0.69,Cilantro Lime Turkey Stick,1.73,2024-08-27,Retail,,,False,False,2024-08-27 00:47:57+00:00,Square
LV 7/8.5,152.1,12.55,16.9,SoiLL Stay LV Desert Sand,164.65,2024-08-26,Retail,,,False,False,2024-08-26 23:35:31+00:00,Square
Washed green,24.209999999999997,2.0,2.69,8BPLUS PROBAG,26.21,2024-08-26,Retail,,,False,False,2024-08-26 23:32:28+00:00,Square
Chunky Blend Chalk - 1.5oz,4.46,0.37,0.49,Midnight Lightning Chunky Blend Chalk,4.83,2024-08-26,Retail,,,False,False,2024-08-26 23:32:28+00:00,Square
Regular,4.890000000000001,0.4,2.1,NUUN Daily Hydration - orange sunrise tabs,5.29,2024-08-25,Retail,,,False,False,2024-08-25 00:04:37+00:00,Square
GF 1 oz (Pack of 20)20,1.95,0.16,0.34,"Primal Beef Stick,Spicy",2.11,2024-08-24,Retail,,,False,False,2024-08-24 01:09:15+00:00,Square
Lemon + Lime,1.53,0.13,0.27,Skratch Labs Sport Hydration Drink Mix,1.66,2024-08-24,Retail,,,False,False,2024-08-24 01:09:15+00:00,Square
Regular,1.52,0.13,0.27,Honey Stinger Organic Salted Caramel Flavored Waffle,1.65,2024-08-23,Retail,,,False,False,2024-08-23 23:34:50+00:00,Square
M/L (turquoise),48.97,4.04,20.98,Petzl Corax Climbing Harness,53.01,2024-08-23,Retail,,,False,False,2024-08-23 21:42:40+00:00,Square
Regular,13.969999999999999,1.15,5.98,Jade Yoga Cotton Yoga Strap,15.12,2024-08-23,Retail,,,False,False,2024-08-23 16:31:37+00:00,Square
Regular,17.47,1.44,7.48,Petzl Verso Lightweight Belay Device (green),18.91,2024-08-22,Retail,,,False,False,2024-08-22 09:45:23+00:00,Square
AJ,32.9,2.71,0.0,8bplus Character Chalk Bag,35.61,2024-08-22,Retail,,,False,False,2024-08-22 01:00:34+00:00,Square
Regular,8.95,0.74,0.0,Midnight Lightning Chalktopus,9.69,2024-08-22,Retail,,,False,False,2024-08-22 01:00:34+00:00,Square
Sand,18.83,1.55,8.07,8BPLUS PROBAG,20.38,2024-08-22,Retail,,,False,False,2024-08-22 00:42:35+00:00,Square
1.3 Oz,0.84,0.07,0.36,Bobos Oat Bars Apple Pie Oat Bites,0.91,2024-08-21,Retail,,,False,False,2024-08-21 22:38:23+00:00,Square
Regular,1.6,0.13,0.69,Cilantro Lime Turkey Stick,1.73,2024-08-21,Retail,,,False,False,2024-08-21 22:38:23+00:00,Square
JTree Mini Climber Salve,8.09,0.67,0.9,Joshua Tree Organic Climbing Salve,8.76,2024-08-21,Retail,,,False,False,2024-08-21 22:08:14+00:00,Square
6 oz Competition Quality Chalk Bag,14.99,1.24,0.0,Primo Chalk,16.23,2024-08-21,Retail,,,False,False,2024-08-21 10:37:43+00:00,Square
Chunky Blend Chalk - 9.7oz,18.95,1.56,0.0,Midnight Lightning Chunky Blend Chalk,20.51,2024-08-21,Retail,,,False,False,2024-08-21 00:36:28+00:00,Square
Chunky Blend Chalk - 1.5oz,4.95,0.41,0.0,Midnight Lightning Chunky Blend Chalk,5.36,2024-08-21,Retail,,,False,False,2024-08-21 00:27:07+00:00,Square
Regular,1.6,0.13,0.69,Cilantro Lime Turkey Stick,1.73,2024-08-21,Retail,,,False,False,2024-08-21 00:24:22+00:00,Square
Regular,8.95,0.74,0.0,Midnight Lightning Chalktopus,9.69,2024-08-20,Retail,,,False,False,2024-08-20 23:48:18+00:00,Square
Regular,7.95,0.66,0.0,Midnight Lightning Liquid Chalk Refillable - 50mL,8.61,2024-08-20,Retail,,,False,False,2024-08-20 23:16:29+00:00,Square
1.3 Oz,1.02,0.08,0.18,Bobos Oat Bars Apple Pie Oat Bites,1.1,2024-08-20,Retail,,,False,False,2024-08-20 22:45:30+00:00,Square
Tea Tree,1.06,0.09,0.19,Klean Freak Single Sachet,1.15,2024-08-20,Retail,,,False,False,2024-08-20 22:45:30+00:00,Square
Matcha Green Tea & Lemon Energy Chews,2.08,0.17,0.37,Skratch Labs Sport Energy Chews,2.25,2024-08-20,Retail,,,False,False,2024-08-20 22:45:30+00:00,Square
One Size,5.95,0.49,1.04,SoiLL Clippers Black Metal,6.44,2024-08-20,Retail,,,False,False,2024-08-20 22:45:30+00:00,Square
1.3 Oz,0.84,0.07,0.36,Bobos Oat Bars Apple Pie Oat Bites,0.91,2024-08-20,Retail,,,False,False,2024-08-20 10:26:42+00:00,Square
Regular,56.0,4.62,0.0,Organic Deluxe Bucket Chalk Bag,60.62,2024-08-20,Retail,,,False,False,2024-08-20 10:06:04+00:00,Square
JTree Mini Climber Salve,8.99,0.74,0.0,Joshua Tree Organic Climbing Salve,9.73,2024-08-20,Retail,,,False,False,2024-08-20 00:45:16+00:00,Square
JTree 50mL Climber Salve,20.99,1.73,0.0,Joshua Tree Organic Climbing Salve,22.72,2024-08-20,Retail,,,False,False,2024-08-20 00:00:15+00:00,Square
Chunky Blend Chalk - 9.7oz,18.95,1.56,0.0,Midnight Lightning Chunky Blend Chalk,20.51,2024-08-19,Retail,,,False,False,2024-08-19 23:37:26+00:00,Square
Chunky Blend Chalk - 1.5oz,3.47,0.29,1.48,Midnight Lightning Chunky Blend Chalk,3.76,2024-08-19,Retail,,,False,False,2024-08-19 23:01:24+00:00,Square
"Whole30 Approved, Certified Paleo, Keto-Friendly, and Gluten-Free Meat Snack with 6g of Protein",1.6,0.13,0.69,The New Primal Classic Beef Stick - 1 oz Meat Stick - 100% Grass-Fed Beef Snack,1.73,2024-08-19,Retail,,,False,False,2024-08-19 11:50:02+00:00,Square
Regular,20.95,1.73,0.0,Gnarly Dood New River Gorge Chalk Bag,22.68,2024-08-18,Retail,,,False,False,2024-08-18 23:23:10+00:00,Square
Regular,1.6099999999999999,0.13,0.68,Cilantro Lime Turkey Stick,1.74,2024-08-18,Retail,,,False,False,2024-08-18 21:30:51+00:00,Square
"Whole30 Approved, Certified Paleo, Keto-Friendly, and Gluten-Free Meat Snack with 6g of Protein",1.6,0.13,0.69,The New Primal Classic Beef Stick - 1 oz Meat Stick - 100% Grass-Fed Beef Snack,1.73,2024-08-18,Retail,,,False,False,2024-08-18 21:30:51+00:00,Square
GF 1 oz (Pack of 20)20,1.6,0.13,0.69,"Primal Beef Stick,Spicy",1.73,2024-08-18,Retail,,,False,False,2024-08-18 21:26:51+00:00,Square
Strawberry Lemonade,1.44,0.27,0.36,Skratch Labs Sport Hydration Drink Mix,3.51,2024-08-18,Retail,,,False,False,2024-08-18 20:23:21+00:00,Square
Chunky Blend Chalk - 1.5oz,4.95,0.41,0.0,Midnight Lightning Chunky Blend Chalk,5.36,2024-08-18,Retail,,,False,False,2024-08-18 01:39:00+00:00,Square
Horchata,33.95,2.8,0.0,Skratch Labs Recovery- Sport Drink Mix,36.75,2024-08-18,Retail,,,False,False,2024-08-18 00:28:28+00:00,Square
Strawberry Lemonade,0.72,0.21,1.08,Skratch Labs Sport Hydration Drink Mix,2.73,2024-08-17,Retail,,,False,False,2024-08-17 23:35:38+00:00,Square
Regular,29.95,2.47,0.0,Gnarly Dood Red Rock Chalk Bucket,32.42,2024-08-17,Retail,,,False,False,2024-08-17 23:16:42+00:00,Square
1lb Bag loose chalk,26.99,2.23,0.0,Primo Chalk,29.22,2024-08-17,Retail,,,False,False,2024-08-17 23:16:42+00:00,Square
JTree Mini Climber Salve,8.99,0.74,0.0,Joshua Tree Organic Climbing Salve,9.73,2024-08-17,Retail,,,False,False,2024-08-17 00:56:32+00:00,Square
JTree 50mL Climber Salve,20.99,1.73,0.0,Joshua Tree Organic Climbing Salve,22.72,2024-08-17,Retail,,,False,False,2024-08-17 00:33:08+00:00,Square
RV 11.5/13,179.0,14.77,0.0,SoiLL Torque Climbing Shoe,193.77,2024-08-16,Retail,,,False,False,2024-08-16 22:40:43+00:00,Square
JTree Mini Climber Salve,7.640000000000001,0.63,1.35,Joshua Tree Organic Climbing Salve,8.27,2024-08-16,Retail,,,False,False,2024-08-16 01:50:57+00:00,Square
(1.2 oz)54,1.39,0.12,0.0,CLIF Kid Zbar - Organic Energy Bar - Chocolate Brownie,1.51,2024-08-15,Retail,,,False,False,2024-08-15 22:17:03+00:00,Square
Chocolate Chip,2.09,0.17,0.0,Chocolate Chip Energy Bar,2.26,2024-08-15,Retail,,,False,False,2024-08-15 22:17:03+00:00,Square
Regular,25.46,2.1,4.49,Gnarly Dood Rocky Mountain Chalk Bucket,27.56,2024-08-15,Retail,,,False,False,2024-08-15 22:04:02+00:00,Square
Regular,4.67,0.39,0.82,Joshua Tree Mountain Mint SPF 15 Organic Lip Balm,5.06,2024-08-15,Retail,,,False,False,2024-08-15 22:04:02+00:00,Square
Chunky Blend Chalk - 9.7oz,16.099999999999998,1.32,2.85,Midnight Lightning Chunky Blend Chalk,17.42,2024-08-15,Retail,,,False,False,2024-08-15 22:04:02+00:00,Square
Box of 16,2.0300000000000002,0.17,0.36,Untapped Organic Maple Raspberry Waffle - Individually Wrapped,2.2,2024-08-15,Retail,,,False,False,2024-08-15 22:04:02+00:00,Square
Regular,4.890000000000001,0.4,2.1,Nuun Daily - Raspberry Lemonade Tabs,5.29,2024-08-14,Retail,,,False,False,2024-08-14 22:04:02+00:00,Square
Chunky Blend Chalk - 1.5oz,4.95,0.41,0.0,Midnight Lightning Chunky Blend Chalk,5.36,2024-08-14,Retail,,,False,False,2024-08-14 11:45:00+00:00,Square
Botanist,13.989999999999998,1.15,6.0,Cypher Botanist Chalk Bag,15.14,2024-08-14,Retail,,,False,False,2024-08-14 00:07:25+00:00,Square
EU 42.5/US 9.5/10.5 (Black/Poppy),99.0,8.17,0.0,La Sportiva Men's Tarantula Climbing Shoe,107.17,2024-08-13,Retail,,,False,False,2024-08-13 23:00:33+00:00,Square
EU 39.5/US 7/8 (red plum),99.0,8.17,0.0,La Sportiva Womens Tarantula Climbing Shoes,107.17,2024-08-13,Retail,,,False,False,2024-08-13 22:18:19+00:00,Square
6 oz Competition Quality Chalk Bag,10.49,0.87,4.5,Primo Chalk,11.36,2024-08-12,Retail,,,False,False,2024-08-12 23:20:12+00:00,Square
"Kosher (2.4 Ounce Protein Bar, 1 Count) Packaging May Vary",1.46,0.12,0.63,CLIF Bar - Energy Bar - Peanut Butter Banana with Dark Chocolate - Made with Organic Oats - Plant Based Food - Vegetarian,1.58,2024-08-12,Retail,,,False,False,2024-08-12 23:12:03+00:00,Square
"Kosher (2.4 Ounce Protein Bar, 1 Count) Packaging May Vary",1.46,0.12,0.63,CLIF Bar - Energy Bar - Peanut Butter Banana with Dark Chocolate - Made with Organic Oats - Plant Based Food - Vegetarian,1.58,2024-08-12,Retail,,,False,False,2024-08-12 13:00:47+00:00,Square
Mess Free Gym Chalk with Easy to Refill Sock,12.99,1.07,0.0,"Friction Labs Magic Pro Chalk Sphere 2.2oz - Premium Moisture-Wicking Chalk Ball for Rock Climbing, Weight Lifting, Gymnastics, & Bowling",14.06,2024-08-12,Retail,,,False,False,2024-08-12 11:57:43+00:00,Square
Regular,20.95,1.73,0.0,Gnaly Dood Yosemite Chalk Bag,22.68,2024-08-12,Retail,,,False,False,2024-08-12 11:57:43+00:00,Square
Box of 16,1.6700000000000002,0.14,0.72,Untapped Organic Maple Raspberry Waffle - Individually Wrapped,1.81,2024-08-11,Retail,,,False,False,2024-08-11 21:29:35+00:00,Square
Regular,8.95,0.74,0.0,Midnight Lightning Chalktopus,9.69,2024-08-11,Retail,,,False,False,2024-08-11 20:26:25+00:00,Square
Regular,6.99,0.58,0.0,Nuun Daily - Raspberry Lemonade Tabs,7.57,2024-08-11,Retail,,,False,False,2024-08-11 20:26:25+00:00,Square
US 3-4 (pink),69.95,5.76,0.0,Ocun Kids Ribbit Climbing Shoes - Pink,75.71,2024-08-11,Retail,,,False,False,2024-08-11 20:26:25+00:00,Square
6 oz Competition Quality Chalk Bag,14.99,1.24,0.0,Primo Chalk,16.23,2024-08-11,Retail,,,False,False,2024-08-11 20:26:25+00:00,Square
Orange,20.95,1.73,0.0,Gnaly Dood Smith Rock Chalk Bag,22.68,2024-08-11,Retail,,,False,False,2024-08-11 19:14:57+00:00,Square
EU 43/US 10/11 (black/poppy),99.0,8.17,0.0,La Sportiva Men's Tarantula Climbing Shoe,107.17,2024-08-11,Retail,,,False,False,2024-08-11 19:14:57+00:00,Square
Chunky Blend Chalk - 1.5oz,4.95,0.41,0.0,Midnight Lightning Chunky Blend Chalk,5.36,2024-08-10,Retail,,,False,False,2024-08-10 01:11:12+00:00,Square
Large,25.0,2.06,0.0,Organic Large Climbing Chalk Bag,27.06,2024-08-10,Retail,,,False,False,2024-08-10 01:11:12+00:00,Square
JTree Mini Climber Salve,8.99,0.74,0.0,Joshua Tree Organic Climbing Salve,9.73,2024-08-10,Retail,,,False,False,2024-08-10 00:31:05+00:00,Square
2.5 oz,9.99,0.82,0.0,Friction Labs Unicorn Dust,10.81,2024-08-09,Retail,,,False,False,2024-08-09 21:54:22+00:00,Square
Regular,20.95,1.73,0.0,Gnarly Dood Flat Irons Chalk Bag,22.68,2024-08-09,Retail,,,False,False,2024-08-09 21:54:22+00:00,Square
JTree Mini Climber Salve,8.99,0.74,0.0,Joshua Tree Organic Climbing Salve,9.73,2024-08-09,Retail,,,False,False,2024-08-09 21:54:22+00:00,Square
6 oz Competition Quality Chalk Bag,14.99,1.24,0.0,Primo Chalk,16.23,2024-08-09,Retail,,,False,False,2024-08-09 10:10:37+00:00,Square
Regular,8.49,0.7,0.0,Primo Odor Orb,9.19,2024-08-09,Retail,,,False,False,2024-08-09 10:06:20+00:00,Square
Regular,1.6,0.13,0.69,Cilantro Lime Turkey Stick,1.73,2024-08-09,Retail,,,False,False,2024-08-09 02:34:52+00:00,Square
JTree Mini Climber Salve,8.99,0.74,0.0,Joshua Tree Organic Climbing Salve,9.73,2024-08-09,Retail,,,False,False,2024-08-09 00:56:12+00:00,Square
JTree Mini Climber Salve,8.99,0.74,0.0,Joshua Tree Organic Climbing Salve,9.73,2024-08-09,Retail,,,False,False,2024-08-09 00:54:32+00:00,Square
Regular,8.95,0.74,0.0,Midnight Lightning Chalktopus,9.69,2024-08-08,Retail,,,False,False,2024-08-08 23:09:33+00:00,Square
JTree 50mL Climber Salve,20.99,1.73,0.0,Joshua Tree Organic Climbing Salve,22.72,2024-08-08,Retail,,,False,False,2024-08-08 22:10:26+00:00,Square
Regular,7.95,0.66,0.0,Midnight Lightning Liquid Chalk Refillable - 50mL,8.61,2024-08-08,Retail,,,False,False,2024-08-08 01:27:11+00:00,Square
Regular,8.95,0.74,0.0,Midnight Lightning Chalktopus,9.69,2024-08-08,Retail,,,False,False,2024-08-08 00:11:48+00:00,Square
Regular,6.27,0.52,2.68,Midnight Lightning Chalktopus,6.79,2024-08-07,Retail,,,False,False,2024-08-07 22:53:47+00:00,Square
EU 41/US 8.5/9.5 (Black/Poppy),99.0,8.17,0.0,La Sportiva Men's Tarantula Climbing Shoe,107.17,2024-08-07,Retail,,,False,False,2024-08-07 22:46:04+00:00,Square
1lb Bag loose chalk,26.99,2.23,0.0,Primo Chalk,29.22,2024-08-07,Retail,,,False,False,2024-08-07 02:00:32+00:00,Square
